nombre,direccion,correo_electronico,telefono
Severiano Muro-Berrocal,"Via de Morena Gonzalo 286, Albacete, 11846",manuelavila@example.org,+34942 546 574
Inocencio Salmerón Alfaro,"Cañada de Gaspar Arjona 37, Huelva, 13528",eutropio59@example.com,+34826 14 02 72
Alicia Anita Jimenez Taboada,"C. de Chelo Téllez 7, Valladolid, 40342",berta08@example.com,+34 881 969 129
Azahara Parejo Barranco,"Avenida de Jose Ramón Pablo 8 Apt. 97 , Soria, 51146",jimenamorera@example.com,+34885 113 193
Graciano Peral Villena,"Acceso Amparo Pallarès 10, Santa Cruz de Tenerife, 41534",luisina18@example.net,+34 971 233 069
Leonor del Torrecilla,"Plaza Mireia Ortuño 2, Guadalajara, 45576",concepcioncarretero@example.com,+34 871 281 010
Elpidio Nuñez Abella,"Cañada Demetrio Guillén 40 Apt. 96 , Pontevedra, 34742",qdomingo@example.net,+34 977184126
Plácido Salcedo Bayón,"Urbanización de Visitación Jerez 5 Puerta 7 , Teruel, 39066",diana20@example.net,+34821 847 329
Augusto Cárdenas Peñas,"Paseo Eloy Perez 74 Puerta 6 , Huesca, 18131",rpinedo@example.com,+34 927936850
Reyes Ariza,"Pasadizo María Pilar Carbonell 1, Cuenca, 27253",mvidal@example.net,+34857 35 74 97
Alejandro Perales-Amo,"Cuesta Danilo Román 37, Ávila, 41074",maricebrian@example.com,+34874590645
Ángel Eleuterio Reina Hernandez,"Acceso Lina Arribas 12 Piso 3 , Asturias, 15225",nbanos@example.org,+34 942 220 225
Vasco Marquez Andrés,"Cañada Elpidio Pombo 4 Piso 9 , León, 10761",renata52@example.org,+34 966539038
Joel Castilla Salgado,"Calle Goyo Chico 755 Apt. 47 , Guadalajara, 44982",pardogilberto@example.com,+34 982 331 399
Florencia Barba,"Camino de Zoraida Bayona 77 Apt. 76 , Albacete, 48906",fonteugenia@example.com,+34 926 86 78 08
Felicidad Ortuño Bejarano,"C. de Sosimo Cal 43, Zamora, 31799",isa33@example.net,+34 943 20 33 49
Joaquina Contreras Bou,"Avenida de María José Novoa 30 Puerta 0 , Girona, 34614",angladabernardo@example.org,+34 924 395 942
Paloma Bello Cid,"Urbanización Félix Isern 18, Alicante, 47968",pelayobarbero@example.net,+34 980 76 18 46
Ale Menendez Amo,"Urbanización de Julieta Castelló 77 Apt. 86 , Sevilla, 40990",maria-fernandagalan@example.net,+34 885 828 217
Duilio Nevado Posada,"Paseo de Cruz Barbero 39, Melilla, 39897",bzabala@example.com,+34810907244
Felipe Villalba,"Via de José Antonio Jover 97, Baleares, 22002",hlluch@example.com,+34 875157777
Augusto Cuadrado Cuadrado,"Avenida de Jordán Romero 97, Álava, 39061",tgimenez@example.com,+34920 779 668
Olegario Valenzuela Balaguer,"Calle de Jose Luis Escolano 78 Piso 5 , León, 21841",tvillalba@example.com,+34807783028
Roberta Grande Ángel,"Avenida de María Guzman 39 Piso 2 , Guadalajara, 19528",bernarditavall@example.org,+34 974 751 023
Ricardo Óscar Montserrat Almagro,"Paseo Ildefonso Mariscal 1 Apt. 23 , Soria, 42812",wbustamante@example.org,+34 948 07 61 41
Luis Miguel Oliveras Cantero,"Callejón Ovidio Gabaldón 7, Sevilla, 44420",valencianoeli@example.com,+34 844864781
Joaquina Julián Piñeiro,"Callejón Silvia Vega 6, Tarragona, 33194",cosuna@example.org,+34878 41 56 12
Selena Casal,"Pasadizo de Maximiano Bermejo 86, Santa Cruz de Tenerife, 03826",xmolina@example.org,+34 987 606 760
Lisandro Emilio Casas Cabo,"Calle de Víctor Estrada 283, Palencia, 50557",noliveras@example.org,+34 876974691
Reyna Cases Alberola,"Acceso Anselmo Martorell 59 Piso 8 , Ciudad, 40940",santos69@example.com,+34918 135 671
Íngrid Tejedor Tamayo,"Calle Rosenda Feijoo 6 Puerta 2 , Las Palmas, 13121",emmaconde@example.org,+34691384028
Balduino Mas Enríquez,"Rambla de Ale Ortuño 70 Piso 4 , Toledo, 47203",saturninobayon@example.com,+34928932668
Roberto Sebastián Llobet,"Pasaje de Fortunato Roman 7, Alicante, 36365",aposada@example.org,+34924884154
Ainoa de Salinas,"Vial Ángel Alberola 90, Soria, 04894",figueroladanilo@example.net,+34880 52 06 42
Gaspar Cueto Sáez,"Pasaje de Kike Farré 13 Puerta 6 , Madrid, 41539",flavionaranjo@example.org,+34 876 49 19 13
Adriana Ayala-Vilalta,"Paseo Maricruz Bilbao 19, Burgos, 37496",andreuperlita@example.org,+34947463053
Pascual Ortuño Baquero,"Pasadizo de María Del Carmen Rodriguez 247, La Coruña, 11862",felix74@example.net,+34 936157756
Josep Diego,"Via Roxana Lluch 4 Apt. 54 , Ávila, 37187",erasmoteruel@example.net,+34 880 47 48 27
Kike Vergara Castellanos,"Camino de Graciano Sureda 9 Piso 6 , Vizcaya, 24540",colladoiker@example.com,+34 884 30 39 70
Feliciano Castellanos Llamas,"Pasadizo de Eva Carlos 72 Puerta 7 , Lugo, 46504",roxana49@example.org,+34 984 390 025
Clarisa Hoz,"Avenida de Cebrián Fonseca 50 Apt. 16 , Burgos, 31833",mbermudez@example.net,+34981 10 01 01
Fulgencio Barbero Corral,"Paseo Ezequiel Cruz 95, Baleares, 50785",antunezestela@example.net,+34 985987843
Amarilis Hurtado,"Alameda de Carina Castejón 68 Apt. 84 , Barcelona, 33578",regina81@example.com,+34882 19 36 14
Rosalinda Alegre Palacios,"Cuesta de Concha Castro 617, Guadalajara, 07049",cletoblanca@example.com,+34971 77 86 54
Manu Salinas Vigil,"Camino Armando Girón 4 Apt. 57 , Guadalajara, 50652",nicanorpons@example.org,+34932 14 72 44
Natalia Aguilera Montserrat,"Alameda Juan Manuel Acedo 73 Apt. 37 , Guipúzcoa, 16388",manriquemerche@example.org,+34 888 714 536
Consuela Sarmiento Águila,"Ronda de Marcos Cuenca 5, Castellón, 01624",yustebarbara@example.net,+34 887633758
Efraín Lledó Pavón,"Urbanización Andrés Castrillo 58, Navarra, 01166",saenzvalero@example.org,+34 980 39 74 92
Jennifer Vizcaíno Montenegro,"Ronda Amparo Gimeno 16 Piso 4 , La Rioja, 50183",walter53@example.net,+34 740 25 83 21
Eligio Padilla Caparrós,"Via de Etelvina Ibáñez 47 Puerta 7 , Toledo, 31359",amanda48@example.net,+34 949 197 117
Juan Manuel Jafet Moya Ribes,"Glorieta Renata Alemany 91, León, 47220",inmaculada60@example.org,+34879 43 87 85
Olivia Querol Bernad,"Pasaje de Paca Gelabert 27, Las Palmas, 26058",cvalenzuela@example.net,+34848860396
Asdrubal Navas,"Pasadizo de Leire Quiroga 89 Puerta 8 , Ceuta, 23179",mercaderalba@example.net,+34 984 53 78 37
Julio Fabra-Vigil,"Urbanización de Corona Lorenzo 9 Piso 9 , Santa Cruz de Tenerife, 29706",salmeronliliana@example.com,+34849 395 168
Bartolomé Esparza Plana,"Camino de Eli Escudero 541 Puerta 1 , Valencia, 50583",jmir@example.com,+34922 73 34 31
Pilar del Cano,"Calle Luis Miguel Vélez 80 Piso 9 , Córdoba, 20102",eladiolumbreras@example.org,+34879 644 757
Ruben de Ríos,"Plaza Marco Ríos 49 Piso 6 , Girona, 13002",evita92@example.com,+34 886 76 56 84
Flavia Ávila-Batalla,"Plaza de José Ángel Morcillo 2, Segovia, 21858",susanita71@example.net,+34941 12 90 67
Nerea Recio Serna,"Alameda Sofía Asensio 20 Piso 2 , Navarra, 20713",segarrafederico@example.net,+34945 437 701
Feliciana Aranda Romero,"Pasadizo de Lidia Luna 85 Piso 9 , Santa Cruz de Tenerife, 14080",qroda@example.com,+34 923 56 82 86
Chucho Graciano Vargas Herrero,"Avenida de Jerónimo Luna 63 Puerta 3 , Soria, 17232",darioromero@example.net,+34 980 066 197
Nicanor Valverde,"Via Rodrigo Rosell 58, Soria, 13561",glarranaga@example.net,+34 928 092 014
Reinaldo Piquer Caparrós,"Pasadizo de Marisela García 55 Apt. 69 , Badajoz, 07537",dyuste@example.com,+34824 843 295
Cayetano Gallardo Arrieta,"Glorieta de Eric Blanes 70, Huelva, 18131",rfalco@example.org,+34695 957 528
Nicolás Adán Bayona,"Pasadizo Gervasio Campillo 609 Piso 4 , Cantabria, 41465",nadalgaston@example.com,+34 848 754 467
Amador Giner Hurtado,"Camino Lucila Fuster 90, Valencia, 44065",anunciacionpolo@example.com,+34 742 14 64 42
Esteban Arribas Colomer,"Plaza Nacio Pomares 33, Toledo, 03856",galantono@example.org,+34 873 365 232
Osvaldo del Gil,"Acceso Victorino Castilla 614 Apt. 88 , León, 04570",jenarorebollo@example.org,+34 888 79 57 28
Marcia Zamorano-Merino,"Urbanización Teobaldo Pastor 884 Apt. 66 , Toledo, 07091",ygarcia@example.net,+34986 09 32 68
Bruno Serrano-Cantón,"Ronda de Azahara Tamarit 403 Puerta 9 , Valladolid, 15770",angelinamedina@example.com,+34986 198 320
Narcisa Piña-Echevarría,"Cañada René Soler 82 Piso 5 , Salamanca, 33163",isaporras@example.net,+34824 960 086
Jimena Uribe,"Avenida Bernabé Casal 24, Madrid, 22512",hortensiatello@example.net,+34 885 53 58 86
Herberto Ibañez Flores,"Glorieta Jose Angel Galvez 62 Apt. 79 , Burgos, 18748",mateujosefina@example.net,+34888 62 47 81
Daniela Casanova Bosch,"Pasadizo de Prudencia Naranjo 472, Almería, 19407",octavialaguna@example.net,+34946 728 105
Florinda Blasco Costa,"Callejón de Pascuala Perera 145, Guadalajara, 16734",anunciacionroyo@example.net,+34 806 13 11 22
Guadalupe Amador Alfonso,"Acceso de Marina Piñeiro 638 Piso 0 , Palencia, 45807",isaez@example.com,+34869 24 87 96
Domitila Sarmiento-Atienza,"Pasaje Juan Carlos Alcalá 983, Albacete, 02974",tovartomas@example.com,+34 716 196 508
Anselma Perea Carballo,"C. de Vidal Cuadrado 7 Piso 7 , Melilla, 23999",carolina76@example.org,+34922 63 68 85
Reina de Aragón,"Urbanización de Eloy Falcón 65 Apt. 31 , Ciudad, 41911",polpastor@example.org,+34 849 533 063
Bernardino Requena Manuel,"Urbanización de Gilberto Teruel 663, León, 02394",guzmannatalia@example.net,+34731 08 22 17
Sebastian Bernat Camacho,"Paseo Filomena Giralt 5 Puerta 7 , Toledo, 21341",mayobienvenida@example.org,+34875 310 200
Pío Vazquez Gallart,"Pasaje Noemí Torrents 68 Apt. 69 , Barcelona, 51329",gtudela@example.com,+34872436824
Adelaida de Miranda,"Cañada de Herminia Verdugo 45, Asturias, 21570",gmateos@example.net,+34 826 307 365
Jenny Machado-Almazán,"Plaza Abril Aroca 396 Puerta 2 , Zaragoza, 30055",albino26@example.net,+34858038013
Merche Rita Jaume Teruel,"C. Roberta Recio 581, Cantabria, 20639",violetabastida@example.com,+34 983 51 93 30
Zaira Álvarez Roda,"Paseo de Lara Rodríguez 23 Puerta 8 , Guipúzcoa, 34029",emigdiomateos@example.org,+34982 22 57 38
Áurea Manzano Alberto,"Urbanización de Eutropio Lobato 6, Girona, 17268",nluna@example.org,+34 828088172
Agapito Simó-Rozas,"Pasaje de Esther Dueñas 12 Apt. 30 , Toledo, 28179",leonardomanso@example.net,+34 985462480
Nazario Régulo Albero Saura,"Glorieta Evaristo Estrada 35 Piso 5 , León, 26731",mercadercarlos@example.net,+34 983000000
Manola Luna,"Via de Ramón Fuente 58, Jaén, 48484",evalles@example.com,+34 748 049 683
Juan Francisco Mármol,"Camino de Urbano Barral 73 Apt. 59 , Madrid, 51385",lamasserafina@example.com,+34923878355
Noelia Cabañas Aragón,"Avenida Natalia Llorente 70 Apt. 96 , León, 15828",jordan63@example.org,+34 980 596 222
Horacio Gallart Mascaró,"Paseo de Alcides Azorin 3 Piso 6 , Guipúzcoa, 02831",cloecastilla@example.net,+34 943 27 67 14
Ramona Ballesteros Pellicer,"Pasadizo de Rita Serra 2, Valladolid, 45216",glosa@example.org,+34828 532 012
Andrés Felipe Velázquez Luna,"Callejón de Eliseo Cabanillas 67, Santa Cruz de Tenerife, 08973",sbueno@example.com,+34 844035503
Adrián Collado Mateos,"Via de Lola Tomas 95, Guipúzcoa, 09258",rayajordana@example.net,+34 920 69 13 35
Gracia Batlle Pinilla,"Urbanización Julio Carreras 64, Madrid, 33604",zacariasfernandez@example.net,+34900 39 91 19
Jafet de Ramis,"Via Brunilda Ramirez 73 Piso 0 , Toledo, 48745",zraya@example.net,+34 843 77 86 85
María José Feliu Castañeda,"Calle María Del Carmen Osorio 94 Piso 9 , Valladolid, 10523",huguettrinidad@example.com,+34879485562
Desiderio del Mas,"Urbanización Vicenta Vilalta 539 Puerta 4 , Teruel, 20363",apolinarmontalban@example.net,+34919 941 503
Camilo Amor Grau,"Avenida Rosenda Pinilla 4, Lugo, 43158",lucioroman@example.com,+34 875917764
Cintia del Mulet,"Urbanización Pastora Alemán 56, Barcelona, 39247",naciomorales@example.net,+34 839 07 72 74
Carolina Serafina Lumbreras Solís,"Camino de Marita Cózar 99 Puerta 0 , Zamora, 32607",luciano24@example.com,+34849 28 12 00
Benito Vives Zabala,"Plaza de Anselmo Diego 424 Piso 2 , Sevilla, 48397",soledadpedraza@example.com,+34875 13 35 88
Samu Barros Pozo,"Urbanización de Federico Salazar 1, Barcelona, 15788",roperoangelino@example.net,+34 943 705 619
Rosa María de Alvarado,"Paseo de Casemiro Escalona 90 Piso 7 , Córdoba, 43749",eustaquiorosado@example.com,+34 841690762
Joan Pelayo,"Pasaje de Cleto Chacón 38 Apt. 27 , Lleida, 45131",ncarrera@example.net,+34974 15 34 07
Galo de Sebastián,"Calle Jonatan Belda 232 Apt. 85 , Santa Cruz de Tenerife, 26694",dorotea40@example.com,+34 629 286 661
Marcos Primitivo Ochoa Páez,"Rambla Luciano Robledo 4, Burgos, 10819",juanarevalo@example.org,+34845 853 194
Atilio de Vives,"Avenida de Evaristo Perales 35, Melilla, 07473",vrocamora@example.org,+34 967 14 20 44
Fátima Jiménez Ballesteros,"Acceso Mario Estrada 80 Puerta 1 , León, 45592",rico77@example.com,+34725120341
Magdalena Santiago Castell,"Callejón Maxi Pareja 6, Lugo, 06100",payala@example.org,+34 873178878
Lupe Español Amores,"Vial Isidora Chacón 70, La Coruña, 29355",pedroamor@example.org,+34 971 885 438
Juan Luis Bautista-Palomo,"Pasadizo Nydia Iñiguez 80 Puerta 7 , Ávila, 29170",cebrian14@example.com,+34971 89 01 80
Lázaro Aller-Criado,"Acceso de Saturnina Anaya 40 Piso 0 , Jaén, 10193",zlinares@example.net,+34945 14 50 60
Gonzalo Rodríguez Carro,"Ronda Xavier Vélez 65, Alicante, 46131",veradiez@example.net,+34 876126712
Jordán Carreras Velázquez,"Calle Faustino Sastre 4, Teruel, 20657",baudeliocortina@example.net,+34951 355 230
Otilia Ros Robledo,"Pasaje Jenny Uribe 177 Puerta 7 , Alicante, 23704",mriba@example.com,+34 975 025 069
Bienvenida Acedo Galván,"Cañada de Dionisia Salamanca 363, Ceuta, 13202",severocespedes@example.org,+34 605 487 323
Piedad Ropero-Zurita,"Vial de Nereida Segura 22, Cantabria, 20591",falconrosalina@example.org,+34988 966 168
Rocío Aguirre Codina,"Pasaje Noemí Cano 59 Piso 2 , Murcia, 16408",sobrinomiriam@example.net,+34913221287
Sarita Aliaga Romero,"Urbanización Eloy Valbuena 70, Cáceres, 24675",canetmoises@example.org,+34849584343
Marianela Zabala,"Via de Iris Segura 5 Piso 1 , Cáceres, 17221",talaveralaura@example.org,+34 826374390
Jose Angel Romero,"Acceso Áurea Escrivá 79, Córdoba, 27743",jose-carlos80@example.org,+34 900 607 981
Eugenia Santos Sandoval,"Alameda Olalla Maldonado 70, Ourense, 12470",codinanoelia@example.org,+34 928 95 09 31
Guadalupe Puga Abad,"Pasadizo de Pascuala Losada 879 Apt. 64 , Ciudad, 19712",sluque@example.org,+34926 760 990
Hortensia Santana Morán,"Alameda Jennifer Carmona 16 Piso 3 , Asturias, 32845",gcervantes@example.net,+34879 76 97 09
Juan Pablo Ángel Bayona,"Alameda Chelo Rosselló 92 Apt. 24 , Ávila, 23646",sanchezmaximiliano@example.com,+34 704 089 885
Cloe Gaya Téllez,"Calle de Lupe Gargallo 6, Navarra, 29932",jrequena@example.org,+34886 08 43 18
Noelia Colom-Carlos,"Callejón de Ernesto Tormo 63 Puerta 8 , Valencia, 45526",edmundo07@example.net,+34 844813757
Conrado Piñol Bermúdez,"Via Susana Medina 51 Piso 9 , Santa Cruz de Tenerife, 10061",juan-antoniolarranaga@example.com,+34 873130880
Gabino Casemiro Carnero García,"Callejón de Andrés Felipe Castelló 7, Alicante, 25693",zabaletasevero@example.net,+34 941 92 71 57
Matilde Abril Ramirez,"C. Tamara Royo 45 Piso 9 , Zaragoza, 14842",pastorortuno@example.net,+34 874 32 65 34
Aurora Ortega Barón,"Vial de Eugenio Solana 7, La Coruña, 22918",rosendo51@example.net,+34849 178 144
Violeta Carrillo-Talavera,"Plaza de Buenaventura Pallarès 616, Salamanca, 17880",aguilaalberto@example.net,+34901 83 31 32
Lara Villaverde Mármol,"Glorieta Maribel Vélez 60 Puerta 7 , Ourense, 37988",belenpelayo@example.com,+34943 56 62 75
Rico Valderrama Cuadrado,"C. Juan Carlos Gimenez 95, La Rioja, 34577",csaura@example.net,+34972 260 050
Victor Manuel Prado Baños,"Camino de Cesar Segura 8, Toledo, 51865",jaumewilfredo@example.net,+34 900632309
Jeremías Amorós Torrens,"Cuesta de Gervasio Giner 9, La Rioja, 02049",lucilabermejo@example.net,+34947 38 92 03
Amor Pozo Manzanares,"Paseo de Soraya Adán 69 Piso 3 , Murcia, 28949",vsarmiento@example.net,+34 703 67 05 29
Isaura de Iniesta,"Rambla Adelia Gelabert 383 Puerta 4 , La Rioja, 48507",blanesnereida@example.org,+34883713848
Jose Ignacio Granados Cámara,"Vial de Dan Contreras 42 Piso 1 , Pontevedra, 07188",canizaresvasco@example.com,+34 849 93 54 86
Miguel Ángel Ugarte Grande,"Avenida Aroa Palomares 58, Cádiz, 26105",velascoamador@example.net,+34740 597 946
Jose Miguel Sainz Almagro,"Calle Óscar Riba 20, Burgos, 41771",sanjuanvictor-manuel@example.net,+34848 87 42 86
Elías del Maestre,"Vial de Vinicio Arrieta 73, Almería, 02168",delfinaperez@example.net,+34 881 862 031
Fortunata Busquets-Lillo,"Glorieta de Anastasia Garay 6, Castellón, 08414",octaviolopez@example.org,+34884 75 74 32
Herminio Sastre Rivero,"Pasaje de René Pedrosa 33, Zamora, 36504",eugeniosomoza@example.org,+34985 90 03 05
Haydée Feijoo Santos,"Rambla Joaquina Olivera 12 Apt. 09 , La Coruña, 04862",albina67@example.net,+34 975286582
Gaspar Santos-Jiménez,"Paseo de Amelia Priego 302 Piso 4 , Santa Cruz de Tenerife, 12318",santos99@example.org,+34 875 279 503
Marita López Bernal,"C. de Araceli Gual 267, Pontevedra, 06931",silviobaron@example.org,+34 927 87 99 42
Xavier Ponce Prat,"Acceso Íñigo Miró 60 Apt. 62 , Teruel, 44242",kandres@example.com,+34946353888
Román Parra Nuñez,"Paseo de Vilma Tapia 34 Puerta 1 , Alicante, 49181",kvaquero@example.org,+34979 55 92 13
Teodoro Fausto Sarmiento Iglesia,"Camino de Miguela Alberdi 7 Puerta 1 , Lleida, 14158",toni75@example.com,+34823 934 308
Ricardo Valenzuela-Barroso,"Camino de Luis Ángel Vargas 44 Piso 1 , Ciudad, 43184",chernandez@example.org,+34920740788
Emperatriz Gelabert Santamaria,"Pasadizo Jerónimo Angulo 660 Piso 4 , Córdoba, 19618",emilia91@example.com,+34 876 94 24 76
Fabio Camino Mateos,"C. de Miguela Galán 753, Álava, 20955",losadaquirino@example.com,+34826 69 09 24
Bernardo Pujol Olmo,"Urbanización de Odalis Jáuregui 83 Piso 9 , Ourense, 18607",carrieta@example.com,+34924 699 589
Lope del Pedro,"Via de Candela Torrecilla 64 Piso 9 , Burgos, 33927",ijuarez@example.com,+34 884 884 242
Antonia Aparicio Figueroa,"Vial Aránzazu Camacho 38, Lleida, 35764",escrivamaria-fernanda@example.org,+34987 46 95 92
Nydia Pinedo Esteban,"Rambla de Casemiro Quintero 73 Puerta 1 , Alicante, 21926",rosalia09@example.com,+34983 813 103
Alba Cerro-Fuentes,"Rambla Fortunato Tirado 4, Melilla, 09831",sjuan@example.com,+34 825 288 630
Adelaida Aguiló Cuenca,"Vial Emperatriz Lumbreras 2 Puerta 1 , Guipúzcoa, 05673",opareja@example.org,+34846 66 39 37
Yaiza Yuste Ponce,"Via de Rosendo Infante 19 Puerta 7 , Cádiz, 35110",guillenluis-angel@example.com,+34 888 52 77 74
Heriberto de Belmonte,"Cuesta Imelda Arcos 70 Piso 1 , Ciudad, 43469",samucalatayud@example.org,+34 877046417
Nadia del Pazos,"Callejón de Isa Marí 25, Lleida, 50041",asuncionsastre@example.com,+34 806084483
Fabricio Ballester-Santamaria,"Urbanización Edmundo Granados 73, León, 23397",gabriel63@example.net,+34 928169578
Luís del Figuerola,"Cañada de Seve Iglesias 635, Cáceres, 01181",idiaz@example.org,+34941 521 534
Gabriela Huertas Font,"Rambla María Del Carmen Valderrama 9, Murcia, 35089",camila37@example.net,+34846 134 714
Purificación Mármol,"Avenida de Esteban Lucas 24, Zaragoza, 42066",celestino14@example.org,+34 953 876 919
Tania Sáez,"Rambla de Gregorio Otero 75 Piso 6 , Vizcaya, 38115",andresfiol@example.org,+34 885 33 99 06
Aránzazu Rocamora Roldán,"Alameda de Matilde Sánchez 49 Apt. 17 , Huesca, 20072",palomarsegismundo@example.org,+34925294073
Edelmira Amores Roselló,"Urbanización Edelmira Canals 990 Puerta 8 , Castellón, 25029",sararaya@example.org,+34 986 80 39 59
Dulce Pinilla,"Glorieta de Kike Tormo 89, Teruel, 29180",conesadiego@example.com,+34 981108099
Ema Cuéllar Milla,"Acceso de Emma Benavente 2 Puerta 2 , Badajoz, 29494",donairepastora@example.com,+34845 85 14 44
Jacobo Acosta Quirós,"Urbanización Susanita Gimenez 23 Apt. 90 , Córdoba, 51900",juan-bautista85@example.net,+34 947 97 37 85
Clímaco Cañellas Suarez,"Glorieta de Perlita Llorens 73 Apt. 46 , Melilla, 28007",xvalle@example.net,+34 942 550 489
Rosaura del Sainz,"Pasaje Maricela Sans 2, Ávila, 12985",mercedesbello@example.com,+34 710 577 230
Sandra Castell-Rueda,"Acceso Goyo Cid 70 Puerta 3 , Badajoz, 34578",geronimopombo@example.net,+34 887 655 860
Mamen Almazán Perelló,"Urbanización de Cruz Torralba 76 Puerta 5 , Baleares, 34051",gracia45@example.com,+34 947 064 111
Gerónimo Cuesta,"Avenida Luciano Valenzuela 8, Castellón, 07908",elisa77@example.org,+34 925 760 801
Florencia Valero Balaguer,"Pasaje José Antonio Asensio 3, La Rioja, 48746",margarita72@example.com,+34 972 15 90 57
Teodora Trini Verdú Ávila,"Calle Adela Quero 8, Murcia, 23431",somozajuanito@example.org,+34975415494
Alex Montesinos Arnal,"Callejón de Eugenio Escolano 8, Burgos, 08357",mbarbera@example.org,+34 948 891 307
Carina Guzman Roura,"Vial de Anita Arévalo 43, Santa Cruz de Tenerife, 05762",ljauregui@example.net,+34 859 90 17 77
Anabel Mercedes Quintero Taboada,"Calle de Leandro Mayoral 241, Ávila, 02165",jesusneira@example.net,+34 845853907
Marisol Rosell-Beltran,"Glorieta Celestina Vergara 6, Madrid, 49270",hlopez@example.org,+34 953210049
Encarna Berrocal Saez,"Urbanización de Nacio Roldán 45, Santa Cruz de Tenerife, 23840",lupeoliva@example.net,+34 949 45 92 64
Luciano Vera,"Callejón Fito Asenjo 4, Zamora, 14842",carballoluciana@example.org,+34946 73 78 08
José Amat-Lara,"Glorieta Cleto Bermejo 23, Navarra, 43355",danjurado@example.net,+34 877117811
Calisto Noriega Carballo,"Urbanización de Dani Franco 47, Valencia, 26651",luisina28@example.net,+34 988391970
Narcisa Redondo Vallés,"Via Agustín Pascual 46, Valencia, 50076",ntur@example.org,+34 873378187
Dan Dalmau Mora,"Calle de Agapito Falcó 94, Álava, 22987",torrentjonatan@example.com,+34 807 09 88 51
Gerónimo del Codina,"Callejón María Pilar Barros 41, Palencia, 43891",rouraviviana@example.com,+34 925 658 554
Lucila Castellanos Avilés,"Via Nico Burgos 77 Piso 6 , Granada, 07338",almavalcarcel@example.com,+34 825 168 271
Victor Manuel Saavedra Ávila,"Ronda de Rafa Barba 615, Ávila, 03268",anibal45@example.com,+34 941830852
Miguel Ángel Aguilar Zamora,"Pasadizo Vanesa Duran 45, Cádiz, 19918",noeliaduque@example.net,+34 883 99 61 89
José Antonio Carlos Casanova,"Glorieta Florentina Amador 99 Puerta 0 , Ciudad, 16843",vidalhilda@example.com,+34945025199
Bruno Jose Miguel Ortiz Santos,"C. Brígida Bermúdez 233, Valladolid, 08106",fernando03@example.com,+34875 382 037
Candelaria de Tovar,"Glorieta Óscar Lluch 22, León, 32562",corona06@example.org,+34744510879
Bárbara Gabaldón Dueñas,"C. Lucía Seco 4, Lleida, 28822",eutimio22@example.com,+34 871 404 636
Rafaela Lara Pla Tomas,"Alameda de José Manuel Cárdenas 2 Puerta 8 , Ávila, 15959",nvilar@example.org,+34981231214
Paloma Díaz Perelló,"Avenida de Benita Cortés 441, Tarragona, 45529",alvaro07@example.com,+34 969 22 66 17
Fernando Miró-Carrillo,"Ronda de Daniela Paniagua 320 Piso 9 , Segovia, 18739",nazario01@example.org,+34944 695 284
Celestino de Giner,"Via de Encarna Gordillo 785, Santa Cruz de Tenerife, 17912",oscarandreu@example.org,+34902 90 45 28
Francisca Salvador Ferrándiz,"Vial Jonatan Escalona 86, Baleares, 06306",maximontserrat@example.com,+34 973420338
Daniel Luis Ángel Cabañas Barriga,"Plaza Pía Simó 933, Ourense, 23156",dulcenovoa@example.net,+34742 24 12 16
Florentina Peláez Bas,"Vial Guadalupe Santos 8 Apt. 09 , Zamora, 04826",tomastejero@example.net,+34875 780 819
Miguel Ángel Font Jurado,"Glorieta de Pedro Agullo 430, La Rioja, 25398",wrosales@example.com,+34977027295
Rufina del Quero,"Urbanización Alexandra Bonilla 739, Huesca, 51265",bustamantemamen@example.com,+34883422904
José María Sáez Quintana,"Acceso de Remigio Aller 132 Piso 4 , Ourense, 12056",hipolitopelayo@example.net,+34932 18 13 07
Mariana Valverde,"Paseo de María Luisa Atienza 97 Apt. 03 , Ourense, 02456",smateos@example.net,+34 900 843 543
Eustaquio Ribera Mateu,"C. de Caridad Frutos 83 Piso 0 , Cáceres, 51375",romeroaitor@example.org,+34 841 836 432
Carmelita Garzón,"Plaza Roxana Escamilla 28, Valencia, 49894",dominguezefrain@example.net,+34824 271 750
Adelardo Badía Carvajal,"Plaza José Bellido 523 Puerta 5 , Granada, 28650",gemabravo@example.com,+34744569583
Aurora Jover Esteban,"C. de Marisa Barroso 870 Apt. 55 , Albacete, 22692",maximianoolivera@example.com,+34746 24 12 90
Eutimio Salomón Cervera Yuste,"Cañada Jose Miguel Miranda 3 Puerta 8 , Melilla, 24950",alcidesarregui@example.com,+34900 176 632
Glauco Plaza Lladó,"Glorieta de Domitila Ugarte 82, La Coruña, 12294",uramirez@example.net,+34 900 14 91 01
Ainara Boada Tena,"C. de Maxi Gomez 17, La Coruña, 27449",domenechrosalina@example.com,+34945 85 60 26
Leoncio Lupe Sebastián Exposito,"Glorieta Rosa María Pedraza 32 Piso 2 , Ourense, 34491",calderonsandalio@example.com,+34 839 108 069
Zoraida Adán Cabeza,"Pasadizo Fanny Villalba 95, Burgos, 50159",rufinaordonez@example.com,+34 985 363 831
Rosalva Fiol Alsina,"Rambla Paulina Ariño 618 Puerta 1 , Navarra, 51151",nicolas69@example.net,+34881309392
Asunción Verdugo Barberá,"Camino de Rosendo Doménech 88, Lleida, 43981",almudenalosa@example.com,+34925 628 837
Evaristo Esteve Menéndez,"Via Etelvina Cano 10 Piso 9 , Jaén, 38841",carmenmascaro@example.org,+34 966 819 260
Albina Macías-Cifuentes,"Avenida de Urbano Rivas 11, Tarragona, 45318",anizaragoza@example.com,+34 948 182 076
Victor Ros-Valencia,"Glorieta de Nacho Olivé 171, Málaga, 45286",nicolas67@example.org,+34 980 69 35 54
Eulalia Zabaleta Taboada,"Pasaje de Sabina Hernandez 111 Piso 5 , Jaén, 27010",lllorens@example.net,+34 924 24 44 10
Marcelino Martorell Acosta,"Vial Gastón Ávila 264, La Rioja, 15367",pintorbenigna@example.net,+34 923 554 795
Leonel Duque Ribas,"Vial Lisandro Sandoval 848, Melilla, 11876",selenaiglesia@example.com,+34 807 79 82 68
Cosme Calvet-Borrás,"Alameda Juan Antonio Clemente 432, Badajoz, 18586",eliaslazaro@example.com,+34 874380709
Balduino Verdugo Pagès,"Glorieta de Angelita Arroyo 49, Santa Cruz de Tenerife, 10932",teodora13@example.com,+34877 51 09 71
Lorenza de Sanmiguel,"Rambla Juan Manuel Gordillo 4 Puerta 0 , Burgos, 16413",noriegamerche@example.net,+34 900 015 411
Imelda Araujo,"Camino de Telmo Ibañez 2, Soria, 46525",comassoraya@example.org,+34942522939
Rocío Alarcón Sosa,"Acceso de Juan Carlos Prieto 440 Apt. 72 , Granada, 36697",mercedescorral@example.net,+34886963131
Ruben Parejo Garmendia,"Callejón de Lino Castejón 27 Puerta 7 , Badajoz, 22899",segismundovilalta@example.net,+34825 493 101
Marcelo Benitez Ayllón,"Pasadizo Jorge Planas 97, Alicante, 11162",ferreroleonor@example.net,+34 923 204 990
Emperatriz Ripoll Montes,"Alameda de Aurora Redondo 56 Apt. 25 , Barcelona, 30272",dieguezberta@example.org,+34 807 681 142
Elodia de Roda,"Via de Florencia Nieto 83 Piso 3 , Santa Cruz de Tenerife, 28627",kike22@example.com,+34 843848164
Armando Puig Araujo,"Calle de Apolinar Fajardo 89, Cádiz, 46922",galanclimaco@example.net,+34922 018 546
Nico Bernad Aller,"Avenida de Isidro Molina 16 Puerta 7 , Cáceres, 05861",andresildefonso@example.com,+34 741722713
Simón Tirado Pujol,"Calle de Eufemia Morante 49, Alicante, 20792",flavia16@example.com,+34824 324 638
Ricardo Alvarado Ibarra,"Alameda de Xiomara Lucena 8, Ourense, 38570",celias@example.com,+34942 79 19 54
Faustino Escalona Salcedo,"Rambla de Ildefonso Villanueva 16 Piso 0 , Granada, 47278",tharo@example.com,+34 843542110
Joaquina Echeverría,"C. Felicia Pallarès 54 Puerta 8 , Guadalajara, 03254",vibarra@example.org,+34876 10 55 58
Florencia Balaguer Llabrés,"Pasaje de Guadalupe Andres 63, La Coruña, 28625",luna27@example.org,+34981 002 964
Humberto López,"Glorieta de Reyes Rosales 3, Huesca, 08848",qtomas@example.net,+34 920 584 799
Bernardino Abellán Coronado,"Avenida de María Sans 95 Piso 3 , Cádiz, 06626",josefasalinas@example.org,+34 981 20 65 50
Gaspar Sierra Cerro,"Paseo de Julia Quintero 86 Puerta 7 , Vizcaya, 37170",marta52@example.org,+34946920726
Lázaro Zapata-Solé,"Pasaje Edu Molina 55 Puerta 9 , La Rioja, 50769",rtamarit@example.org,+34 975960560
María Cristina del Gómez,"Cañada de Catalina Castillo 38, Valencia, 51800",arinofebe@example.net,+34842 16 95 45
Nicolasa Benigna Ortega Cortés,"Rambla de Nadia Peral 9 Apt. 79 , Soria, 04254",maricruz15@example.org,+34 972 946 263
Nélida Cruz Farré,"Camino Rosalinda Pastor 8, Soria, 25325",ohuguet@example.net,+34 947 57 60 38
Román Felix Robledo Ordóñez,"Via de Belén Carranza 752 Apt. 40 , Melilla, 18342",moleszaira@example.com,+34988 87 60 86
Graciano de Bueno,"Paseo de Eusebio Gárate 564, Castellón, 43344",leandro58@example.org,+34901427977
Victor de Bernat,"Alameda de Paz Viana 29, Tarragona, 33282",amorvalverde@example.com,+34 807854170
Gil Mayo-Moraleda,"Vial de María Carmen Abad 48 Apt. 78 , Albacete, 01616",baltasarhervas@example.org,+34847 429 790
Dafne Socorro Parra Guitart,"Via de Ernesto Muro 1 Piso 2 , Albacete, 13651",plazajacinta@example.net,+34941 65 77 05
Isaura del Morales,"Via Florentina Montalbán 67, Ciudad, 07622",itorrecilla@example.com,+34941 364 812
Mar Magdalena Sevilla Jurado,"Camino de Feliciano Sabater 97 Piso 2 , Córdoba, 27276",pacavelez@example.net,+34845114898
Belen Bonet-Domínguez,"Ronda de Zaira Puerta 53, Toledo, 37882",vinfante@example.org,+34 616 52 71 38
Haroldo Porta Asensio,"Cañada de Carmen Fuster 59 Apt. 13 , Melilla, 11983",hacero@example.com,+34 924 96 74 13
Armida Juan Garriga,"Alameda de Silvio Barreda 60, Murcia, 10395",renatovalcarcel@example.com,+34875 97 24 11
Miguela Yáñez Ros,"Via Ainara Gisbert 47, Sevilla, 51400",dyanez@example.com,+34827954993
Lorenza Gual Álamo,"Pasaje Ignacio Palomo 762 Puerta 4 , Almería, 05101",planaserafina@example.org,+34945551467
Calixta Durán Olivé,"Calle Margarita Guerrero 3 Apt. 35 , La Rioja, 32035",prietotecla@example.com,+34977 624 547
Anastasia del Solsona,"Ronda de Odalis Múgica 73, Córdoba, 09573",cayetano37@example.org,+34976 477 527
Marcia Sureda Casal,"Vial de Jeremías Vargas 780 Apt. 67 , Palencia, 38645",dalmaupastora@example.org,+34844 18 39 05
Anselma Zabala Corral,"Pasadizo de Octavia Calatayud 1, Vizcaya, 17412",poncio03@example.com,+34 924 06 41 12
Seve del Bermudez,"Glorieta Samu Pedrero 82, Ciudad, 14436",ccalderon@example.net,+34 878 015 173
Selena Adadia Céspedes,"C. de Albino Ruiz 24 Puerta 5 , Cuenca, 07321",cintia23@example.net,+34811 61 51 36
Armida Pinto Roldán,"Cañada de Áurea Casal 66 Apt. 82 , Valladolid, 51629",holiver@example.org,+34949946502
Roldán Gilabert Gómez,"Plaza de Merche Valero 382 Puerta 7 , Córdoba, 25259",nataliosevilla@example.org,+34 924307918
Fabián Piquer,"Alameda Amor Lasa 27 Apt. 82 , Málaga, 45515",chema36@example.net,+34 984212055
Dulce Bermejo Caro,"Rambla de Cristina Portero 70 Puerta 2 , Cantabria, 27970",haydeegarriga@example.com,+34878 297 004
Benigno Solera-Lillo,"Alameda de Vicenta Gabaldón 31, Salamanca, 29695",wcolom@example.org,+34 885 260 944
Felicidad Blanco Vilanova,"C. Micaela Ramírez 78, Lugo, 03317",ricardo69@example.org,+34844 874 276
Chus Peralta Palmer,"Pasaje Noé Marin 8 Piso 6 , Girona, 16619",gestevez@example.com,+34 923 301 023
Candelaria Fernández Molina,"Cañada Fausto Adadia 73, Barcelona, 15757",diezester@example.org,+34824 108 604
Rafael de Vallés,"Urbanización de Brunilda Blasco 84 Piso 4 , Madrid, 48692",vperera@example.com,+34846 82 37 06
Yolanda Galván Mur,"Ronda de Nilo Borrell 30 Apt. 18 , Las Palmas, 12431",emontana@example.net,+34 984 478 919
Zacarías Contreras Echeverría,"Urbanización Anastasia Tudela 561, Ourense, 34112",artemio50@example.net,+34 734 158 061
Gracia Goicoechea,"Acceso Fortunato Casares 46, Girona, 31428",alondrarossello@example.net,+34670 81 24 47
Isabela Ferrando Espejo,"Calle Candelaria Barral 39 Apt. 93 , Navarra, 12349",cuestahernan@example.com,+34823 38 18 55
José Giralt Ayllón,"Acceso Mohamed Romero 11, Tarragona, 51454",ngual@example.com,+34 902 60 16 46
Macarena Jiménez-Mármol,"Urbanización de Amelia Varela 8 Puerta 9 , León, 24735",cirinocervera@example.org,+34 654 02 10 89
América Bru Varela,"Callejón Juan Antonio Losada 185 Puerta 5 , La Rioja, 07169",melania90@example.org,+34877005073
Amada Serra Benet,"Pasadizo Danilo Arjona 5 Puerta 0 , Teruel, 07458",vsevilla@example.com,+34 876236821
Adán Ariza Martorell,"Rambla de Reinaldo Villanueva 944, La Rioja, 49883",kike79@example.org,+34 820 977 512
Elisa Jover Bilbao,"Vial Nereida Barón 44, Vizcaya, 44433",oterocarmina@example.com,+34976 87 44 47
Pía Guardiola Coloma,"Callejón de Heraclio Roman 2, Navarra, 16091",reyna72@example.org,+34977 94 07 48
Consuelo Ferrández Miranda,"Acceso Octavio Guerra 809 Puerta 0 , Almería, 49251",sarmientoazucena@example.com,+34803290106
Victoriano Criado,"Cañada de Tadeo Beltran 10 Apt. 49 , Navarra, 51184",ltirado@example.com,+34 888233516
Hermenegildo Boix Bastida,"Urbanización de Nidia Poza 47 Apt. 46 , Albacete, 35122",ale76@example.net,+34 843608640
Cándido Moreno Tovar,"Glorieta de Nélida Maestre 60, Girona, 11866",cocareyes@example.org,+34 828779884
Jose Carlos Perera Corbacho,"Plaza Ambrosio Vidal 106, Asturias, 08302",tamarabelmonte@example.org,+34 900261499
Leonel España,"Acceso de Encarnación López 619, Las Palmas, 51947",hbenavente@example.com,+34886 54 60 98
Curro Barral Rodríguez,"Pasadizo de Osvaldo Porcel 6, Girona, 37331",asdrubal89@example.com,+34850981780
Hermenegildo Garcia Abril,"Paseo de Raquel Esparza 7 Apt. 52 , Burgos, 09145",elisabarbero@example.com,+34988 57 19 11
Lucía Zurita España,"Vial Aurelia Ramos 59 Apt. 95 , Burgos, 21391",arenasadoracion@example.com,+34988 08 14 54
Florentina Rocha-Bayo,"Via Eliseo Cózar 9, Almería, 22920",narcisoferrer@example.org,+34873 34 89 50
Rogelio Hermenegildo Varela Llobet,"Cuesta Nazaret Arribas 13 Puerta 1 , Zamora, 18837",gracianogalvez@example.net,+34 881121200
Pili de Lara,"Callejón de Adelaida Fernandez 31, La Rioja, 33346",esmeraldacarretero@example.com,+34824236217
Dalila Bustos Niño,"Callejón de Calixta Rivera 18 Piso 5 , Albacete, 43056",leonor84@example.com,+34823735834
Jenny Alberto Tejero,"Camino de Francisco Jose Iglesias 48 Piso 2 , Alicante, 28646",tcuellar@example.com,+34941 018 920
Melisa Bolaños Cañete,"Pasaje Candelario Vicente 48, Almería, 21653",murciagertrudis@example.org,+34884257444
Francisca Palma,"Glorieta Ofelia Mosquera 68 Puerta 5 , Huesca, 21405",isidoracepeda@example.net,+34875 02 15 22
Mohamed Cal Feliu,"Ronda Iker Puerta 810 Apt. 60 , Asturias, 16145",godofredocanellas@example.net,+34 871429533
Calisto de Infante,"Callejón Delfina Gutierrez 4, Lleida, 33971",haydee10@example.org,+34 879 869 942
Cristóbal Losa Herrera,"Callejón Regina Cabeza 969 Puerta 7 , Guadalajara, 50848",sainzdebora@example.org,+34 925743125
Álvaro del Berrocal,"Avenida de Edelmiro Roman 54 Puerta 1 , Toledo, 43429",samperraimundo@example.com,+34872 85 66 17
Begoña Berrocal Olmo,"Via Domitila Cifuentes 187, Sevilla, 47684",ucarbonell@example.org,+34 923838750
Anastasia Salvador Peinado,"Plaza Mateo Cerezo 5, Guipúzcoa, 50369",fcarrasco@example.org,+34821 938 102
Socorro Corominas Catalá,"Ronda Demetrio Ruano 2 Puerta 0 , Tarragona, 39738",luis-miguelfabra@example.org,+34945 43 59 18
Diana Barón Mateo,"C. Candelario Abascal 9 Piso 7 , Madrid, 27627",ffalco@example.net,+34 820 87 47 64
Juliana Echeverría Ripoll,"Avenida Saturnino Cámara 8 Puerta 1 , Huelva, 47734",escobarfernanda@example.org,+34947 25 95 51
Lisandro Pozo Bilbao,"Avenida de Isidora Catalán 661, Salamanca, 36745",rperera@example.com,+34821 52 80 69
Dan de Plana,"Vial Joaquín Requena 6 Puerta 0 , Murcia, 31599",bcastell@example.org,+34 806 03 14 93
Pascual Espada-Arévalo,"Pasadizo Yago Berrocal 92 Piso 9 , Murcia, 12502",anastasia91@example.org,+34883 82 75 23
Aureliano Bruno Alcántara Pascual,"Ronda Máximo Montaña 48 Piso 6 , León, 16280",fannychacon@example.net,+34 820 441 729
Dan Sans Gálvez,"Vial de Martin Martinez 16, Barcelona, 01238",lorenzo01@example.org,+34934 07 72 31
Eusebio Cadenas,"Glorieta Leyre Manrique 9 Piso 4 , Segovia, 18529",sandra51@example.com,+34 974110791
Lorena Ana Belén Blanca Perelló,"Pasadizo Susanita Morante 7 Apt. 77 , Lugo, 39110",zgarcia@example.org,+34947 86 48 31
Segismundo Tejero,"Pasadizo Jimena Llabrés 2 Piso 5 , Santa Cruz de Tenerife, 20982",juanito71@example.net,+34707 350 509
Miguel Huguet Carro,"Acceso de Lalo Carrión 8, Cádiz, 20741",salajose-angel@example.net,+34974 069 812
Nereida Marti,"Urbanización de Reyes Hernández 38, Badajoz, 15799",jose-luissevillano@example.net,+34 975 43 21 08
Leonor Encarnación Laguna Águila,"Pasaje Nilda Duran 45 Apt. 12 , Ciudad, 18195",zmascaro@example.org,+34 824262477
Esperanza Cándida Iniesta Gisbert,"Camino Marcela Yáñez 43 Piso 8 , Murcia, 08554",marita80@example.com,+34923 76 93 89
Edelmiro Gras Tomé,"Paseo de Baudelio Olivares 64 Piso 0 , Barcelona, 45088",andresperez@example.net,+34985337607
Lara Noriega Pintor,"Paseo de Eufemia Comas 49, Girona, 21354",gonzalosimo@example.org,+34 941 60 37 55
Trini Emilia Roldan Cabañas,"C. de Rosendo Cañizares 87 Puerta 9 , Sevilla, 36681",ascensiontomas@example.org,+34926263720
Vera Flores Piñol,"Pasaje Teobaldo Nicolás 24, Guadalajara, 29788",dimas08@example.org,+34 925 473 837
Arturo Briones,"Avenida de Nilo Feliu 72 Apt. 98 , Guadalajara, 42145",encarnacionpelayo@example.com,+34948736956
Pánfilo Venceslás Agullo Villanueva,"Glorieta Sergio Manzanares 70 Apt. 69 , Lleida, 12552",hcordero@example.net,+34 841 888 307
Abigaíl Clarisa Fajardo Lorenzo,"Callejón de Cecilia Bru 46 Piso 8 , Huesca, 21854",sandalioferrando@example.com,+34871692303
Yéssica de Amat,"Cañada de Berto Revilla 4, Ourense, 30352",xavier72@example.com,+34 803751450
Horacio Casado Pedraza,"Callejón Herminia Giménez 273 Apt. 89 , Melilla, 28212",coronafabregas@example.com,+34 931 06 89 87
Rogelio Borrás Aguado,"Urbanización de Octavio Suárez 99 Puerta 4 , Cáceres, 27051",cloe48@example.com,+34844 561 376
Delfina Costa,"Plaza Jafet Acero 66, Asturias, 10110",pedroalberola@example.org,+34 867 944 344
Griselda del Colom,"Paseo María José Frías 84 Piso 9 , Segovia, 04085",chustirado@example.net,+34827 88 14 98
Maribel Jover Aliaga,"Pasadizo Celestina Solera 691, Tarragona, 38789",pialinares@example.org,+34 979 57 54 46
Armando del Antúnez,"Pasaje Amada Gonzalez 793, Madrid, 21584",rosalva40@example.net,+34 926 07 72 47
Delfina Cal Tapia,"Paseo Bibiana Pinedo 24, Badajoz, 44020",fonsecafelicidad@example.com,+34 874 73 84 67
Javi Ibañez-Cerdá,"Rambla Adelardo Ayala 5 Piso 0 , Pontevedra, 30893",galo75@example.net,+34825 268 622
Apolinar Celso Roca Sáez,"Camino Verónica Cárdenas 92, Segovia, 22227",pilarposada@example.net,+34 872 92 07 38
Serafina Quesada Llanos,"Acceso Anselma Machado 73, Palencia, 48987",nievesquiros@example.com,+34822 28 91 26
Juan Bautista Verdugo Bravo,"Plaza Heriberto Porcel 3, Navarra, 20840",juanita08@example.org,+34 974803775
Petrona Lobato Terrón,"Pasadizo Lalo Estévez 68, Vizcaya, 28434",ballesterosgervasio@example.com,+34979 45 23 21
Haroldo de Borrás,"Pasaje Áurea Peralta 13, Huelva, 14689",riusximena@example.org,+34 821 35 24 59
Narciso Carretero-Vilanova,"Cuesta Duilio Bustos 42, Cantabria, 42903",ksalgado@example.com,+34941814505
Macario Falcó,"Callejón Maximiliano Amat 38 Puerta 1 , Almería, 17796",spi@example.com,+34 842 839 116
Micaela Posada Roldan,"Via Joel Díaz 26, Cantabria, 43304",chita76@example.com,+34886 858 479
Aurelia del Macias,"Glorieta de Lalo Manso 26, Burgos, 26672",uherranz@example.com,+34845 704 429
Eloy Escolano Nicolás,"Rambla Fabio Reguera 22, Palencia, 01671",kbotella@example.com,+34900 910 899
Tito Lopez-Ibañez,"Cañada Alfredo Peralta 7, La Rioja, 35583",buenaventura55@example.com,+34 820 349 679
Valentina Moya Farré,"Urbanización de Zacarías Cortés 27, Madrid, 11854",bribes@example.net,+34 724931936
Luisina Romero Bustamante,"Ronda de Haroldo Tello 635 Puerta 5 , Soria, 27650",conrado42@example.com,+34987 170 745
Alberto Pastor Bartolomé,"Cañada de María Manuela Rodrigo 79 Piso 9 , Córdoba, 34939",hsalinas@example.com,+34888 24 26 76
Marcia Samper-Abad,"Callejón de Wálter Reguera 15, Granada, 23322",peirorenato@example.org,+34 920 45 86 19
Clemente Salcedo Pizarro,"Alameda de Dani Camps 12, Teruel, 43381",anayaefrain@example.org,+34 877 126 956
Rosalía Gelabert Murillo,"Cañada de Lina Jaén 28 Piso 5 , Guipúzcoa, 51098",wilfredo04@example.com,+34883956781
Ceferino Jordán Tur,"Plaza Duilio González 97 Piso 7 , Huelva, 49970",graciano28@example.com,+34 947 777 120
Álvaro Uría-Niño,"Cuesta de Rosaura Romero 510 Puerta 4 , Vizcaya, 16820",zamoranocandela@example.com,+34 981289104
Marcelo Maestre Valderrama,"Avenida Trinidad Cárdenas 93 Puerta 8 , Málaga, 11832",vanesaguillen@example.com,+34843071781
Nacio del Campoy,"Via Paulino Beltrán 91, Salamanca, 51810",emilia94@example.org,+34 842149801
Lorenzo Andres,"Plaza Eulalia Bautista 81 Apt. 38 , Melilla, 28451",pportero@example.net,+34926676055
Amancio Acedo Zapata,"Urbanización Eligia Salas 45 Puerta 3 , Burgos, 22916",cornelioreig@example.com,+34841644588
Ulises Peña Amores,"Alameda de Valentina Padilla 171, Cáceres, 31174",fpeiro@example.org,+34900 189 046
Evangelina Arias Verdugo,"Pasadizo Cecilio Zamora 91 Piso 6 , Toledo, 13917",rvelazquez@example.org,+34945766189
Bienvenida de Rocamora,"Ronda de Victoriano Menendez 20, Ourense, 39838",octaviagranados@example.net,+34 988 74 81 36
Ani Meléndez Manjón,"Plaza Fortunato Manso 35 Piso 3 , Lugo, 16827",icamino@example.com,+34 945 70 46 11
Obdulia Valera Leiva,"Pasadizo de Alberto Revilla 35, Burgos, 24082",luisamayoral@example.com,+34986 304 889
Jenny Salinas Figueroa,"Callejón de Quirino Roig 80 Apt. 15 , Salamanca, 02997",roman21@example.com,+34723974512
Adolfo Huguet Castilla,"Callejón de María Carmen Arévalo 21, Guadalajara, 26309",azucena52@example.org,+34 975 801 904
Daniela Ángela Blazquez Rojas,"Acceso de Odalys Arana 35, Castellón, 01757",ruben76@example.org,+34 827878731
Eliseo Arias Abascal,"Vial Marcio Iriarte 239 Piso 4 , Sevilla, 33172",rcalatayud@example.org,+34879 25 86 99
Águeda Araujo Saldaña,"Ronda Toni Santamaría 2 Piso 6 , Girona, 31119",hugo06@example.net,+34883 031 284
Andrea de Luz,"Avenida Visitación Buendía 77, Zamora, 17826",warino@example.org,+34 882643152
Amarilis Figueroa-Rovira,"Vial Martín Cárdenas 97, Cáceres, 13676",manuelita36@example.org,+34 973 84 30 37
Tatiana Iñiguez Espejo,"Cuesta de Manu Manjón 52, Navarra, 44038",jose-antonio73@example.net,+34849647993
Ascensión Castellanos Milla,"Paseo Juan Antonio Pedraza 195 Puerta 6 , Las Palmas, 44343",linotur@example.net,+34987 830 103
Virginia Montalbán Belda,"Via de Susana Sierra 57 Puerta 1 , La Coruña, 46858",ybustamante@example.net,+34 986681547
Irene Cañas,"Cañada de Ainoa Villegas 37, Vizcaya, 01429",alberto67@example.com,+34941 29 68 33
Roque Berrocal Sacristán,"Rambla de Damián Torrecilla 69, Tarragona, 40208",eulaliallorente@example.org,+34867 712 514
Hilario Fuentes Piquer,"Rambla de Marcelino Marco 220, Baleares, 10118",celso63@example.org,+34 800 674 782
Augusto Abellán Pozuelo,"Pasaje de Isaura Roldan 54, Tarragona, 21144",llamasjordi@example.net,+34824241301
Francisco Jose Herrero Llorens,"Cañada Emelina Valentín 782 Piso 1 , Albacete, 50011",yustebernardino@example.net,+34845030854
Nuria Miguel Calleja,"Ronda de Nydia Farré 805, Las Palmas, 12146",kalfaro@example.org,+34 945 98 27 08
Luz Diéguez Gracia,"Via Virginia Feijoo 49 Puerta 6 , Almería, 50477",marcianoarteaga@example.com,+34 828265487
Aarón Roda,"C. Juana Aguilera 5 Apt. 69 , Navarra, 14035",plinio30@example.net,+34 987222881
Ale Checa-Infante,"Paseo Paola Rincón 716, Zaragoza, 23592",iacosta@example.net,+34733359458
Nuria del Bolaños,"Rambla de Mariana Arce 4, Melilla, 49904",xvicens@example.net,+34726 707 946
Iker Acosta Bermúdez,"Vial Haydée Paniagua 53, Pontevedra, 12955",torralbavictoria@example.net,+34 941 705 785
Guadalupe Ferrer Almansa,"Via Cruz Campos 98, Girona, 27469",jmontserrat@example.net,+34 948 679 196
Nilo Torralba Baños,"Pasaje de Leopoldo Larrañaga 671 Apt. 76 , Palencia, 49864",kheras@example.com,+34 900 67 28 34
Ana Belén Córdoba Aguado,"Urbanización Jesús Palma 1 Puerta 0 , Guipúzcoa, 34371",beatriz38@example.org,+34 875 724 821
Marcelino Peñas Armengol,"Via de Otilia Plaza 12 Puerta 5 , La Coruña, 35375",gregorio67@example.com,+34 921 09 79 87
Teófilo Escalona Saldaña,"Pasadizo de Macaria Valcárcel 669 Apt. 46 , Guipúzcoa, 48892",xmedina@example.net,+34954456802
Imelda Alvarado-Morera,"Paseo de Samu Casanova 98 Apt. 90 , Albacete, 50517",ramonvilma@example.com,+34822 107 494
Ariadna Grau Cerro,"Cañada Jose Luis Osuna 98, Cuenca, 23617",breguera@example.com,+34946 300 820
Candelario David Español García,"Ronda Roberto Tenorio 270, Cuenca, 18916",josefinaarevalo@example.net,+34881 99 18 02
Ibán Muñoz Rosell,"Acceso de Baltasar Garrido 36, Soria, 34144",albinomesa@example.org,+34986616502
Amador Bou,"Urbanización Charo Roldan 83, Huelva, 15973",rferreras@example.org,+34974 662 834
Palmira Valderrama Medina,"Glorieta de Moisés Arribas 396, Vizcaya, 50541",vallteodora@example.com,+34926046896
Lisandro del Rojas,"Pasaje de Néstor Miranda 8 Puerta 7 , Cádiz, 23484",qaroca@example.com,+34736 141 109
Samanta Tovar Amador,"Cañada de Fabiola Barrios 37, Albacete, 23177",lbayo@example.com,+34882 706 108
Abigaíl Ruano Camacho,"Pasadizo de Mauricio Benítez 16, Pontevedra, 29939",vazquezfatima@example.org,+34 953 05 12 22
Zaira Sanjuan Salvà,"Camino de Melisa Falcó 51, Almería, 34359",antoniojara@example.org,+34926 034 565
Loreto Moreno Rius,"Camino Alexandra Chaves 5, Barcelona, 25303",vbayon@example.net,+34 923 636 761
Carmela Rivero Alonso,"Callejón de Flora Morante 92 Apt. 19 , Valencia, 49508",tmorera@example.org,+34 977 36 33 98
Jaime Bilbao-Arnal,"Camino Calista Prada 63 Apt. 73 , Guadalajara, 33274",priscilallabres@example.org,+34887 305 313
Raúl Jara Gibert,"Vial Ernesto Vendrell 259, Lugo, 46870",merche63@example.com,+34 849952109
Gracia Trujillo Izquierdo,"Alameda de Victoria Vera 85, Melilla, 47166",penasconcha@example.com,+34 902 99 67 57
Carmela Moreno,"Ronda Tito Sabater 13 Puerta 3 , Burgos, 03933",mirta51@example.net,+34 913014411
Dionisia Vaquero Maldonado,"Rambla Bernardo Cisneros 71 Apt. 87 , La Coruña, 27487",calderonmagdalena@example.net,+34841 003 245
Miguel Lillo Agustí,"Acceso de Agapito Benet 610 Puerta 7 , Huesca, 07356",isaacgonzalo@example.com,+34 960 59 49 04
Chucho Sánchez-Álvaro,"Avenida de Heliodoro Benavides 57 Apt. 23 , Castellón, 45691",jose-manuel05@example.net,+34 884724891
Miguel Ángel Garcés Rodriguez,"C. Severino Osorio 720, Murcia, 32508",llamasdelfina@example.net,+34920 80 35 54
Anastasia Roda Linares,"Pasaje de Adalberto Giménez 3 Puerta 8 , Girona, 27811",clarisagascon@example.org,+34 888396458
Patricia Castelló Blanes,"Rambla Moreno Cid 59 Puerta 2 , Girona, 46249",qballesteros@example.com,+34918 24 87 59
Jose Antonio Pedrosa Sarmiento,"Via de Rosalinda Bello 94 Piso 5 , Valencia, 01660",xferrandez@example.org,+34 881 250 589
Cecilia del Alberdi,"Plaza de Ascensión Mercader 59 Puerta 4 , Navarra, 48177",qpeiro@example.com,+34 922 92 34 22
Zoraida Hernández Aragón,"Ronda Primitiva López 23, Guipúzcoa, 22756",alberoluis@example.org,+34984 62 82 83
Fernando Valentín Barberá,"Callejón de Fabio Pozo 8 Piso 6 , Cantabria, 17640",vrios@example.net,+34945 023 354
Moisés Ibarra,"Cuesta Alexandra Morales 2, La Rioja, 06496",aitor13@example.net,+34822 899 420
Antonia Angelina Antúnez Guillen,"Vial de Claudio Leiva 52, Ciudad, 15886",adelardodonaire@example.net,+34739 049 353
Leonardo Quintero Cañas,"C. Adelina Valls 15, Cáceres, 40729",colommelchor@example.net,+34 934 92 13 71
Cruz Armas Novoa,"Camino de Rosendo Guerra 407 Piso 9 , Badajoz, 08080",onicolau@example.org,+34846 43 13 23
Ruy Folch-Carbajo,"Avenida Wilfredo Izaguirre 169, Las Palmas, 25003",calatayudcipriano@example.com,+34885 201 650
Camila Fábregas Gallego,"Callejón de Dorita Segarra 3 Puerta 0 , Vizcaya, 10105",puigconcha@example.org,+34942 912 810
Nereida Agustín Paz,"Callejón de Juan Carlos Aragón 58 Piso 4 , Asturias, 03740",urbanoarevalo@example.net,+34 983 076 413
Marcelo Francisco Jose Menéndez Rocha,"Calle de Gastón Infante 291, Valladolid, 05384",azahar86@example.org,+34 828 417 346
Julio de Vigil,"Ronda de Francisco Jose Reguera 72 Puerta 7 , Las Palmas, 29508",monterolorenzo@example.org,+34706 57 89 28
Violeta Frías,"Pasadizo de Eva Vicens 77, Segovia, 09102",modesta32@example.net,+34844 71 88 96
Clemente Elorza Roldan,"Acceso Olalla Martínez 93, Ourense, 44965",felicia95@example.org,+34 880 20 86 82
Florentino Llano Porcel,"Cuesta Benigna Torrijos 9, Tarragona, 46743",alejotolosa@example.com,+34874477527
Emma Morales Diez,"Pasaje Ricardo Ojeda 13 Piso 6 , Cádiz, 05704",zsaura@example.net,+34923 862 705
Candelas Casal Carrera,"Pasadizo de Ligia Bernad 915 Apt. 80 , Barcelona, 46282",belmonteeutimio@example.org,+34987 87 14 36
Rosa Gallego Bonet,"Paseo de Chucho Luís 58 Piso 0 , Huelva, 26055",estevezsergio@example.net,+34825 510 515
Cayetano Eligio Villa Antón,"Pasaje de Ezequiel Santamaria 40 Piso 8 , Girona, 47928",jmir@example.net,+34 901 258 253
Elvira Campo Peñas,"Avenida Matilde Rivero 90, Zamora, 30908",bertabadia@example.com,+34 920016075
Estela Villegas-Jara,"Cañada de Fernando Valenzuela 131, Pontevedra, 42893",chaconevaristo@example.net,+34 821 778 641
Julieta Cobo Uría,"Camino Rafa Gallego 78 Puerta 2 , Tarragona, 49991",hermenegildo73@example.org,+34 866 963 953
Galo del Doménech,"Avenida de Nando Calleja 3, Guipúzcoa, 22757",lazarorio@example.org,+34882615589
Cayetano Eliseo Corbacho Cáceres,"Calle de Marcos Durán 36, Cádiz, 32431",plobo@example.org,+34922 427 054
Marcelo Perales Echevarría,"Urbanización de Federico Prats 410, Castellón, 51723",tjordan@example.net,+34 960 56 82 82
Juan Pablo Amigó-Ropero,"Plaza de Francisco Jose Delgado 21, Barcelona, 05516",cortessabas@example.com,+34720 929 966
Adrián Morán Valbuena,"Camino Angélica Alberola 92 Puerta 3 , Málaga, 42758",edu93@example.net,+34926990334
Manola Roca Pablo,"Plaza Luciana Peñas 6, Valladolid, 43490",fbarco@example.com,+34 981151396
Rosario Paredes Trillo,"Ronda de Agustín Clavero 87, Santa Cruz de Tenerife, 21718",diezgriselda@example.org,+34 916051737
Artemio Fortunato Sanmiguel Franch,"Pasadizo Julio Tudela 7, Málaga, 26743",maria-del-carmenexposito@example.org,+34 932138625
Marisela de Cortina,"Camino de Adelaida Iriarte 57 Apt. 38 , Segovia, 44210",lourdessales@example.org,+34 926 62 04 80
Francisco Javier Rebollo Garcia,"Camino Bernarda Antúnez 64, Teruel, 26380",pepita41@example.org,+34921 49 65 40
Elba Barbero,"Camino Perlita Tejera 49 Piso 9 , Granada, 19810",rocahernan@example.net,+34 987 477 831
Eladio Cuervo-Iniesta,"Ronda Constanza Barroso 38, Burgos, 26061",agarrido@example.com,+34 846 814 068
Noa Iniesta Casanovas,"Cañada de Amado Gallart 61, Ceuta, 43125",teresita19@example.org,+34879 852 868
Teresita del Chico,"Glorieta Venceslás Cortina 557, Cuenca, 08634",tomaspiedad@example.org,+34 847 031 158
Diana Esther Ibañez Calleja,"C. José Luis Coloma 14 Piso 5 , Teruel, 24818",piedad04@example.org,+34 943456801
Toni Benito Guerra Sáez,"Avenida Luna Ortiz 75 Piso 8 , Cádiz, 45174",cebrianmiranda@example.com,+34 806 04 10 13
Josué Agustí-Domínguez,"Plaza Julia Benavent 57 Apt. 98 , Teruel, 40764",jose-angelpina@example.net,+34975 661 006
Severo Andrés Felipe Montero Peláez,"Pasaje Manolo Moll 31 Piso 7 , Girona, 50172",jesusaalfaro@example.net,+34975365021
Manuelita Villena Duarte,"Pasadizo Renata Salazar 47, Murcia, 35309",dbalaguer@example.net,+34942 258 966
Arturo Calderon Segovia,"Camino Fernando Plana 48, Navarra, 18431",tejadajeremias@example.org,+34 859 601 100
Ibán Ciríaco Ortega Arribas,"Camino Martín Taboada 94, León, 14678",vmontana@example.com,+34927 379 937
Claudia Pacheco Jimenez,"Calle de Amado Cisneros 44 Puerta 0 , Sevilla, 02221",josuna@example.org,+34882 54 28 96
Albano Dueñas Maestre,"C. Luís Peláez 65, Melilla, 36432",oteroamparo@example.net,+34 843 752 391
Marcial de Silva,"Camino Anunciación Lucena 6 Apt. 63 , Badajoz, 08216",julietanavarro@example.org,+34882735445
Eusebio Cuéllar-Arnaiz,"Avenida Malena Pablo 7 Apt. 79 , Badajoz, 21190",carlosrocamora@example.org,+34971 435 372
Armando del Ayala,"Alameda Borja Tomás 45 Piso 7 , Cuenca, 08819",araujobenjamin@example.net,+34 923 893 558
Milagros Guzmán Almagro,"Acceso Celia Cal 1, Soria, 22430",franciscamorera@example.net,+34 978837850
Ariadna Rosa Aparicio Rocamora,"Camino Emiliana Atienza 922 Puerta 5 , Pontevedra, 50109",tarnau@example.net,+34 880631800
Jordi Baltasar Gallo Rivas,"C. de Vera Tormo 3 Apt. 30 , Badajoz, 09121",fuentesseveriano@example.net,+34928 57 07 34
Vito Régulo Miranda Sales,"Acceso de Amanda Amor 369 Puerta 9 , Cantabria, 48378",ssierra@example.org,+34 873 936 466
Roque Prats Guitart,"Cuesta Iris Múgica 708, Sevilla, 30855",nmurcia@example.org,+34 850 393 248
Marcia Gomila Baró,"Alameda de Néstor Hoz 798 Piso 4 , Cádiz, 24935",flarranaga@example.org,+34744 735 404
Mercedes Hervia,"Paseo Florentina Calleja 29 Apt. 79 , Badajoz, 28241",gviana@example.org,+34838 155 948
Crescencia del Mesa,"Callejón de Chelo Madrigal 934, Las Palmas, 14979",camilo20@example.net,+34 901 06 12 96
Osvaldo de Dominguez,"Camino Efraín Pombo 981, Zamora, 43050",cifuentesmelchor@example.com,+34945047676
Cándido Amores,"Urbanización Venceslás Estévez 78 Apt. 98 , Zaragoza, 24145",nadia60@example.com,+34900 71 55 46
María Cristina Tamara Delgado Montes,"Glorieta de Darío Palomar 75 Puerta 7 , Soria, 45341",isantamaria@example.net,+34 949 56 04 64
Nidia Enríquez Verdugo,"Glorieta Kike Toledo 29, Valladolid, 15049",camposchelo@example.com,+34888 808 300
Loida Llorente Céspedes,"Alameda Encarnacion Calzada 2 Piso 4 , Ciudad, 39212",cloe64@example.org,+34 806 25 57 05
Sandalio del Campo,"Callejón de María Dolores Palacios 948, Madrid, 07877",marianoalbero@example.net,+34975499058
Emiliana Suarez Llorente,"Camino Toni Ródenas 70 Apt. 47 , Cantabria, 35849",fzamora@example.com,+34 947 817 051
María Jesús Graciela Piña Riera,"Callejón Fausto Cabañas 22, Las Palmas, 50502",dsaez@example.org,+34988736495
Jose Francisco Nadal Fuente,"Callejón de Leonel Beltrán 6, Barcelona, 17482",nunezfermin@example.com,+34 974 900 093
Pastora Ortuño-Gomis,"Alameda Edmundo Arnaiz 19 Apt. 96 , Asturias, 15967",lledoaroa@example.org,+34 874 608 325
Reyes de Comas,"Urbanización de Juan Bautista Aguado 48, Segovia, 15430",qbatlle@example.net,+34812 59 15 94
Manola Cañas-España,"Via de Benigna Larrea 94, Valladolid, 32382",tpenas@example.net,+34836 50 21 79
Clímaco Marcos Antúnez Noguera,"Glorieta Ana Sofía Coronado 90 Piso 9 , Cuenca, 51271",alejo96@example.com,+34822785289
Elías Luis Ángel Franco Berrocal,"Alameda Teresa Coello 79 Puerta 7 , Badajoz, 39264",fermin82@example.com,+34 971655045
Nayara Montalbán Cid,"Alameda Azahar Gomis 5 Puerta 7 , Soria, 42635",jose-angelaliaga@example.net,+34 849715833
Martirio Zurita Zamora,"Urbanización Tania Torre 9 Piso 4 , Ceuta, 26310",amigoobdulia@example.net,+34 920 04 70 79
Amanda Nadal Tirado,"Plaza de Paulina Blazquez 231 Apt. 96 , Valladolid, 24076",fabio11@example.org,+34971025404
Olalla del Giménez,"Callejón Ariel Varela 44 Piso 8 , Burgos, 34054",nereida54@example.org,+34806 30 61 65
Rufina Sainz Lasa,"Pasaje de Samanta Vicente 659, Teruel, 05559",cayetanopedraza@example.com,+34 827 160 393
Lalo Manso,"Paseo de Agustín Cortes 534, Baleares, 27797",judithosuna@example.org,+34973 11 04 71
Bernardita Caparrós Águila,"Plaza de Dorotea Sarmiento 61, Navarra, 04163",rosauraserrano@example.org,+34948 09 86 71
Carmen Amores Arranz,"Via de Serafina Torres 44 Piso 1 , Lugo, 36842",angelaquintana@example.net,+34 880 129 064
José Mari Alcántara-Pagès,"Rambla María Carmen Armas 68, Zaragoza, 26835",sroca@example.com,+34 986714946
Fernando Sanabria Calderon,"Pasaje de Sara Priego 65, Albacete, 29481",valentinasuarez@example.com,+34941772344
Sebastian Fuster-Guijarro,"Via Adalberto Bou 62 Apt. 28 , Almería, 40375",maytesantamaria@example.net,+34 884 99 50 87
Casandra Araceli Camps Quesada,"Calle de Moisés Vergara 55 Puerta 1 , Cuenca, 15969",jsamper@example.org,+34 858 371 557
Norberto del Ramón,"Calle de Emperatriz Chico 86, Sevilla, 23795",lorenzo00@example.com,+34 923 10 33 74
Margarita Mendizábal-Benet,"Pasaje de Jose Sastre 7, Burgos, 48559",canalesselena@example.net,+34924936109
Ani Gisbert Haro,"Calle Sofía Cárdenas 72, Cuenca, 04332",marianela12@example.org,+34 740 894 421
Anastasio Martorell Hoyos,"Cañada de Apolonia Pol 74 Puerta 3 , Pontevedra, 31321",juliana29@example.org,+34 887 658 603
María Dolores Vallés Cuervo,"Pasadizo Alfonso Torrent 10, Santa Cruz de Tenerife, 47565",quirogalorena@example.net,+34876 354 993
Herberto Sevilla Garriga,"Acceso de Teodora Malo 6, Álava, 36513",avilatristan@example.org,+34954 06 21 70
Eustaquio de Peralta,"Cuesta de Cirino Sastre 5, Salamanca, 16522",marcoporfirio@example.org,+34882 723 990
Juan Francisco Gámez-Alcázar,"Pasadizo Anacleto Gisbert 78 Piso 2 , Álava, 24006",germanbastida@example.com,+34949 95 58 23
Virginia Rodriguez-Vélez,"Avenida de Amarilis Arco 599 Apt. 41 , Huelva, 18875",nizaguirre@example.org,+34881 814 357
Dani Salas Campillo,"Alameda Florina Barreda 458 Puerta 4 , Jaén, 31158",fgual@example.com,+34920 76 50 81
Jacinto Landa Malo,"Camino de Antonia Gonzalo 185 Apt. 54 , Baleares, 19020",saragones@example.org,+34 984 75 44 33
Soledad Jerez Heras,"Rambla de Encarna Calleja 65 Apt. 91 , Álava, 25302",osegarra@example.net,+34 842 36 31 14
Amando del Berenguer,"Paseo de Calisto Antón 6 Apt. 39 , Guadalajara, 06486",titonarvaez@example.net,+34 901289491
Milagros Montesinos Belda,"Via de Mateo Cueto 744 Puerta 3 , Toledo, 32782",trivera@example.org,+34 922827222
Eladio Fuentes-Arribas,"Calle de Rico Valenciano 55, Teruel, 51861",vpedraza@example.net,+34967 032 323
Chucho Pazos Ribera,"Via Ema Gonzalo 37, Ourense, 07052",ayusonicodemo@example.org,+34888 01 83 21
Paco Clavero Vargas,"Rambla Arsenio Gaya 11, La Coruña, 48880",fespada@example.org,+34 886182491
Trinidad Alberdi Montoya,"Camino de Adán Calvo 326, Asturias, 23774",encarnaboix@example.net,+34881 351 660
Yésica Gutiérrez Román,"Plaza Araceli Crespi 25, Córdoba, 20285",trinigascon@example.org,+34 973 745 441
Nando Talavera Orozco,"Ronda Bernarda Villa 45, La Rioja, 04935",reyesvaquero@example.com,+34 981 27 95 56
Andrés Agustí Vizcaíno,"Paseo Eva María Hernandez 386 Piso 3 , Lugo, 07195",vlledo@example.net,+34 861 46 30 71
Tadeo Pacheco Bejarano,"Pasaje Montserrat Castañeda 2 Piso 1 , Teruel, 32439",kfigueroa@example.org,+34928085188
Diana del Cantón,"Glorieta de Julio César Reina 4, Ceuta, 09978",fortunycristian@example.net,+34 821 546 321
Demetrio Arévalo Barranco,"Cañada de Basilio Blanca 16 Puerta 0 , Granada, 42420",zmenendez@example.com,+34974 58 31 32
Rosario Liliana Palomino Nicolás,"Alameda Ignacio Borrás 4 Piso 7 , Cuenca, 26483",cmateu@example.org,+34 824 194 398
Carmelo Barrera Álamo,"Via Ariadna Mármol 59, Ciudad, 38541",tecla36@example.org,+34 949866631
Gema Pellicer Exposito,"Cuesta Nydia Galan 5 Apt. 67 , Melilla, 22301",vvives@example.org,+34885 659 552
Micaela Molina Torrens,"Callejón Nélida Perea 96, Cádiz, 42487",pacifica99@example.net,+34886 43 03 21
Rafaela Alberola-Guzman,"Acceso de Salomón Prieto 30 Apt. 41 , Las Palmas, 42109",mirta52@example.net,+34972324868
Javier Vergara Bonilla,"Pasaje Silvia Cisneros 25 Puerta 4 , Pontevedra, 48837",rovirafidela@example.net,+34841 69 08 07
Noelia Gomila Palau,"C. Gracia Castrillo 2, Granada, 24849",boschemilio@example.net,+34883 86 03 53
Odalis Candelaria Castrillo Tur,"Camino de Teo Moreno 70, Alicante, 40560",amadadomenech@example.net,+34 975 33 53 77
Rosalinda Clavero Velasco,"Calle de Martin Barros 6 Apt. 85 , Zamora, 25673",ledesmaleonel@example.net,+34 826490370
Dominga Castelló Aguirre,"Rambla Paulina González 84, Málaga, 04576",bernardino90@example.net,+34885 428 981
Evita Villalonga Cárdenas,"Callejón de Efraín Ramón 632 Apt. 65 , León, 30800",amilcar15@example.com,+34 806780941
Constanza Marisela Poza Bueno,"Paseo Cecilio Landa 43, Las Palmas, 29863",bruetelvina@example.com,+34944 571 380
Teresa Barral Romero,"Avenida Leandro Quintanilla 51 Puerta 8 , Teruel, 03183",emperatriz79@example.com,+34 942144085
Eusebia Cid Miguel,"Alameda de Samu Garzón 43 Piso 6 , Salamanca, 40699",estela04@example.net,+34979237067
Victoriano Carpio-Barrio,"Alameda Eugenio Valle 832, La Coruña, 02330",iborrabarbara@example.net,+34 807746618
Manola Ribes,"Via Felicidad Lorenzo 11 Apt. 60 , Lugo, 27649",porcelgraciana@example.org,+34880 50 28 05
Feliciana Iglesia,"Vial Valeria Guitart 307 Piso 2 , Valencia, 08993",tellocruz@example.net,+34 980215318
Candelario Gual Marin,"Paseo Máxima Murillo 92 Apt. 96 , Zaragoza, 41842",ariadnatrujillo@example.net,+34979 98 75 81
Candelario Álvaro,"Camino Custodia Alcalde 40, León, 13386",benigno02@example.org,+34943 65 39 67
Florinda Casares Chaparro,"Acceso de Patricio Cervera 83, Valencia, 41852",ayllonmacaria@example.net,+34 873674079
Fermín Peinado,"Avenida Antonio Cañellas 4 Piso 1 , Sevilla, 46103",silvestrecases@example.com,+34820 51 72 57
Hortensia Matas Amigó,"Glorieta Sancho Fajardo 6, Melilla, 45660",acunamanuel@example.com,+34900 30 73 51
Casandra Galiano Belda,"Vial de Che Cobo 24 Piso 6 , Soria, 25222",reynaabellan@example.net,+34 732 643 701
Reina Fortunata Segura Galván,"Pasaje de Pepe Mayo 66, Girona, 20668",tapiavirgilio@example.org,+34 845 01 33 62
Cristian Camino Gimeno,"Plaza Isidora Domínguez 95, Melilla, 08196",cbarcelo@example.com,+34 841403766
Leonor Galindo,"Glorieta Amarilis Marí 1 Piso 8 , Girona, 18321",rgutierrez@example.net,+34 901 98 15 52
Cristóbal Aroca Durán,"C. de Micaela Uría 3 Apt. 20 , Valladolid, 10079",delfina38@example.org,+34 925 873 306
Martina Nadal Frías,"Pasaje de Tania Río 39 Puerta 0 , Guadalajara, 30979",qgarrido@example.net,+34986 85 84 36
Jose Xavier Aguilera Soria,"Avenida Lino Roura 13, Guipúzcoa, 13589",harogaspar@example.net,+34 900 360 963
Adolfo Palomo Izaguirre,"Plaza de Perlita Múñiz 4 Piso 2 , Huelva, 22172",mirta97@example.com,+34873 77 72 51
Aurora Giralt Cifuentes,"Cuesta Aroa Águila 511, Cuenca, 39898",laraemilia@example.com,+34 988116289
Esther Seguí Vélez,"Urbanización Micaela Díaz 20 Piso 4 , Tarragona, 06010",silviallanos@example.net,+34 901 673 944
Paco Cobos Pulido,"Urbanización Vasco Arrieta 85 Apt. 77 , Granada, 16981",teodoro64@example.net,+34973 56 24 34
Ani Ojeda Bermejo,"Calle de Reinaldo Monreal 32, Almería, 28760",grasoctavio@example.com,+34 956 410 047
Rosa María Duran Hidalgo,"C. de Cándida Mesa 63 Apt. 76 , Albacete, 17032",jmiralles@example.com,+34 876321444
Haydée Blazquez Armas,"Plaza de Valentín Rosado 155, La Rioja, 42385",coralleon@example.org,+34974186622
Ramiro del Navarro,"Urbanización de Rosalía Bautista 59, Melilla, 34243",eligiafeliu@example.net,+34 922 685 837
Remedios Pascual Velázquez,"Urbanización Plinio Andrés 94, Alicante, 43668",valerio16@example.com,+34980003561
Paco Sastre Prats,"Rambla de Dalila Benavent 355, Ávila, 49437",nazaret30@example.net,+34 928328383
Otilia Lobato Cerdá,"Acceso Estefanía Pagès 7, Madrid, 51894",vilaltalupe@example.net,+34 948 269 457
Concha Leiva-Espada,"Glorieta Amando Ayala 88, Almería, 21434",gabinozamora@example.org,+34902 663 423
Hipólito Villa Amigó,"Paseo de Manuelita Vaquero 22 Piso 3 , León, 33762",qtaboada@example.com,+34972032157
Darío Vall Acuña,"C. Baudelio Gallo 7, Sevilla, 51100",asunciondomingo@example.com,+34982 035 850
Miguela Huertas Salazar,"Cuesta de Isaías Chico 1, Tarragona, 36614",carneroroque@example.net,+34806031224
Roberto Trinidad Gomez Cabo,"Cuesta de Emilia Coloma 98, Tarragona, 43000",lilianaariza@example.org,+34735268821
Salomón Bayo Crespo,"Pasadizo de Encarnación Jover 44, Guipúzcoa, 37938",pizarroelvira@example.com,+34847 418 622
Jennifer Nebot Olmo,"Pasadizo de Guiomar Salgado 98 Piso 2 , Valladolid, 27513",alejandro09@example.net,+34 880 14 79 01
José Cañellas Sevillano,"Pasaje Rodrigo Cañete 2 Puerta 0 , Huesca, 31389",sabassabater@example.org,+34 947 876 760
María Dolores Muro-Pino,"Via de Manuelita Cabrero 21, Sevilla, 18324",melisasaavedra@example.com,+34 800 47 00 74
Encarna Uría-Llobet,"Pasadizo de Teófila Merino 73, Santa Cruz de Tenerife, 16324",teofilo61@example.net,+34 823280509
Tristán Marquez Villalobos,"Alameda de Dora Guardiola 9, Albacete, 24828",hugoolmo@example.net,+34928 64 81 66
Josefa Gaya-Collado,"Cuesta Hernando Beltran 848 Apt. 41 , Zaragoza, 11843",fabricio62@example.net,+34 844021747
Enrique Barral Sanjuan,"Rambla de Dominga Soria 54, Asturias, 05778",manolaamaya@example.org,+34887 662 479
Evita Borrás Arnau,"Plaza de Buenaventura Esteve 35, Palencia, 37316",priscilaharo@example.net,+34807 800 966
Valentina Cabo Chaparro,"Urbanización Crescencia Rubio 80, Vizcaya, 24547",pcabello@example.net,+34845375912
Corona Peña Mendoza,"Paseo Clara Almagro 729 Apt. 72 , Castellón, 34712",raul95@example.net,+34924 18 96 36
Leandra Rojas Palacios,"Via de Elpidio Peñas 694 Piso 7 , Sevilla, 43132",simonnevado@example.org,+34844 222 504
Esther Barceló,"Alameda de Javi Almagro 70 Apt. 64 , Lleida, 42369",liliajuan@example.com,+34845 272 158
Adora de Haro,"Calle de Elba Uría 87 Apt. 01 , Almería, 03990",segurateodora@example.com,+34825658764
Fidel Llamas Reguera,"Glorieta de Rogelio López 109 Piso 7 , Asturias, 11743",yaiza58@example.net,+34 887514336
Samuel Navarrete Hernando,"Via de Josep Pozuelo 375, Ávila, 11014",mayopili@example.org,+34 847273515
Samanta Castell Neira,"Callejón de Aníbal Manzanares 12 Apt. 62 , Cantabria, 41769",duilio62@example.com,+34 800614382
Emiliano Barroso Clavero,"Pasaje Vasco Juliá 8 Apt. 79 , Valladolid, 31575",ferreralbano@example.org,+34973 633 599
Alexandra Redondo Hervás,"C. Bienvenida Abascal 17, Jaén, 29188",toribio61@example.org,+34881791598
Hector Torres-Alcázar,"Rambla de Rafaela Bastida 13, Lleida, 50666",moises45@example.net,+34843838724
Amaro de Miranda,"Alameda de Esmeralda Arnau 33, Zaragoza, 18844",juliaedelmiro@example.com,+34 845 68 91 14
Adora Chacón Salgado,"Paseo Raúl Alfonso 95, Ceuta, 18813",vallejoazahar@example.org,+34 849 216 681
Evangelina Cerro Criado,"Calle Rubén Real 61 Puerta 4 , Huesca, 07279",cerdaciro@example.net,+34 973055537
Josefina Moles,"Vial de Manu Coloma 14 Piso 2 , Albacete, 34379",regulocanet@example.com,+34 846 96 51 49
Elisa Guerrero,"Rambla Amada Mora 54, Badajoz, 45773",qbou@example.com,+34974 62 77 69
Perlita del Castell,"Paseo Dora Acuña 47 Puerta 6 , Huesca, 14556",cduran@example.org,+34800 469 556
Crescencia Barroso Carranza,"Acceso de Virgilio Romero 13 Puerta 3 , Santa Cruz de Tenerife, 11541",conradoanguita@example.com,+34984 971 309
Luis Ángel Rosell-Cerro,"Plaza Alicia Calderon 5 Puerta 7 , Valencia, 27243",gustavomascaro@example.net,+34 744322854
Aristides Garcia Yuste,"Callejón Soraya Salinas 21 Piso 5 , Murcia, 39091",borrasbelen@example.org,+34824 817 229
Reynaldo Peña Prat,"Ronda Nilda Exposito 5, Valencia, 29062",nestor36@example.org,+34925 586 278
Adela Clarisa Bellido Herranz,"Cañada Concepción Pagès 48, Pontevedra, 41066",ramoscirino@example.net,+34944139040
Ciro Fernández Navarrete,"Pasaje Alexandra Pedrosa 4, Valladolid, 07062",aabella@example.net,+34882521540
María Domingo Gargallo,"Cañada Pío Carranza 734 Puerta 8 , Guipúzcoa, 38251",nicolasdieguez@example.org,+34815220272
Clímaco Alegria Reyes,"Callejón de Paca Cueto 13, Teruel, 23168",anselma76@example.com,+34 878115390
Ruperta Donaire Mateos,"Acceso Maximiano Serrano 973, Salamanca, 23528",amadamontoya@example.net,+34 943 374 920
Renato Mayol,"Pasadizo de Felix Arana 48, Córdoba, 14767",barberomaximiano@example.net,+34979 618 382
Esperanza Roselló-Peiró,"Calle Malena Padilla 26 Puerta 2 , Albacete, 31854",olga89@example.net,+34 888 035 703
Valentina Ramona Bermúdez Gimenez,"Urbanización Fortunata Barberá 83 Puerta 9 , Ávila, 09336",berenguermiriam@example.net,+34847 04 78 20
Herberto del Paz,"Callejón de Mónica Herrera 650, Sevilla, 34092",melisarosell@example.net,+34 828 80 29 07
Luna Pardo Guardiola,"Vial Iris Ramis 578 Apt. 04 , Alicante, 23275",teodoro19@example.com,+34948 562 198
Miriam Cueto Fuertes,"Cuesta de Norberto Planas 34, Huelva, 31953",ufrias@example.org,+34 924 72 16 66
Emilio Rosales Pavón,"Acceso Olimpia Caparrós 49, Castellón, 01639",bernardinogarcia@example.org,+34830329380
Moisés Mariño Belmonte,"Callejón de Roberta Aller 37, Segovia, 01227",kescolano@example.com,+34871 884 154
Maristela Balaguer Río,"Paseo de Francisco Jose Delgado 90 Puerta 6 , Ávila, 20646",adantecla@example.net,+34 945887711
Matilde Tejada Sáenz,"Avenida Ernesto Alemany 47 Piso 3 , Huelva, 38625",paulinocabanillas@example.org,+34980630229
Eugenio Ocaña Díez,"Ronda de Benigno Casares 55, Pontevedra, 28588",dnicolas@example.com,+34 826 006 635
Purificación Moraleda Reina,"Calle de Agustín Paredes 170, La Coruña, 16729",dominga68@example.com,+34901 90 31 44
Catalina Rosales Arrieta,"Ronda Nicodemo Valverde 6 Piso 0 , Palencia, 31974",bcadenas@example.com,+34945 06 77 81
Gabriela Rocío Borrell Escolano,"Glorieta Fabricio Saez 91, Barcelona, 23493",oliverasnieves@example.net,+34 949 36 89 32
Horacio Navas Bilbao,"Calle Encarna Quintana 920 Piso 9 , Soria, 36611",loidabeltran@example.net,+34924 13 24 77
Agustín Guijarro Armengol,"Cuesta Sol Bermejo 24, Cantabria, 27929",mendizabalmodesto@example.org,+34 705 76 42 73
Cándido Gregorio Sánchez Aramburu,"Pasaje de Yaiza Tello 2 Piso 3 , León, 45547",zsegui@example.org,+34 975887592
Crescencia Royo Cuenca,"Vial Carina Belda 286 Piso 7 , Badajoz, 46667",amor50@example.com,+34975 91 00 05
Mayte Rey,"Avenida de Natanael Ramírez 24 Piso 8 , Navarra, 43628",gala59@example.net,+34 818784976
Lupita Izaguirre-Mateo,"Via Candela Valderrama 89 Apt. 96 , Teruel, 49666",teofilo89@example.org,+34 879 538 866
Zaida Quevedo Llanos,"Rambla Azahar Adán 26 Piso 5 , Cuenca, 46300",alvarezjavier@example.net,+34 861458841
Aura Linares Benito,"Acceso Miguel Mendoza 83, Girona, 20292",maximiliano43@example.net,+34 971 16 94 79
Zaira Sarabia,"Rambla Diana Corral 8 Puerta 6 , Córdoba, 49008",norbertorecio@example.net,+34 713729967
Carmelita Iglesia Uribe,"Glorieta de Rosenda Ribera 185 Puerta 8 , Albacete, 15619",rivasdan@example.net,+34928 262 709
Carlota Cerro,"Plaza Custodia Serrano 1, Málaga, 04160",abilbao@example.net,+34 823 458 007
Encarnación Malo,"Avenida Claudia Martínez 20, Granada, 28530",nadiaperal@example.net,+34 824 94 21 07
Marisa Isern Camps,"Vial Jose Manuel Jurado 1, Jaén, 47835",arcomanuelita@example.net,+34 874914429
Macarena Cózar,"Vial de Amarilis Baños 81, Álava, 18634",jpizarro@example.com,+34948548844
Sosimo del Mateo,"Acceso de Candelas Gual 92, Burgos, 02239",poncemanuel@example.net,+34820 078 543
Salud del Nebot,"Via Marcial Blazquez 724, La Rioja, 44243",galanjuan-pablo@example.net,+34926106118
Delia Gomez Miguel,"Pasaje Apolonia Viña 6 Apt. 51 , Murcia, 04608",encarnita02@example.com,+34880 252 866
Angelina Polo Fajardo,"Cuesta Herminia Solsona 15 Piso 1 , Murcia, 03069",ubastida@example.org,+34941 227 472
Juan Lobato Uriarte,"Rambla de Danilo Solsona 90 Puerta 5 , Tarragona, 13850",roqueaguado@example.com,+34981 922 985
Almudena Leocadia Coronado Mesa,"Calle Leyre Cuervo 23 Piso 1 , Vizcaya, 13174",zaida15@example.org,+34 741 71 43 14
Judith Domingo Leal,"Pasaje de Victoriano Portero 99, Soria, 43903",anaestevez@example.com,+34 941072467
Jaime Sanchez Segarra,"Callejón Renato Doménech 81, Madrid, 29840",tristanbilbao@example.com,+34902 23 48 80
Jordi Salgado Pedrero,"Pasadizo de Rubén Rivero 55, Navarra, 17582",kpuig@example.net,+34984182129
Ovidio Jove-Falcó,"Via de Tito Fabra 57, Badajoz, 32997",victoria62@example.org,+34800 426 131
Encarnacion Salud Viñas Gallego,"Vial Íñigo Alberola 5 Puerta 3 , Cuenca, 27618",jllano@example.com,+34 947014389
Héctor del Benitez,"Callejón de Dionisia Leal 879 Piso 0 , Córdoba, 39888",jcoll@example.com,+34825 117 347
Hernán Guerrero-Ochoa,"Vial Chus Casares 425 Puerta 4 , Álava, 30342",teofilo69@example.com,+34 807 362 571
Nilo Riera Tormo,"Rambla de Gracia Benavente 77 Apt. 77 , Huelva, 24945",mzaragoza@example.net,+34831 025 532
Matías Abril Benitez,"Cuesta Valentín Revilla 14, Segovia, 40161",santamarialupita@example.org,+34941 338 148
Leyre Riera,"Cañada Etelvina Manzanares 11, Almería, 08232",arcoazeneth@example.org,+34 847727112
Horacio Conde Rosado,"Paseo de Coral Pozuelo 681, Ciudad, 17107",rene66@example.net,+34 988 572 873
Noemí Garriga Roda,"Calle Evelia Quesada 5 Apt. 27 , Toledo, 41610",horacioibanez@example.net,+34 979609914
Norberto Eladio Roldan Salas,"Cañada Ruben Checa 48 Apt. 03 , Asturias, 11339",raquelesteve@example.com,+34873520005
Pedro Baena Parejo,"Vial de Ignacia Sebastián 47, Badajoz, 27545",galoescalona@example.org,+34 880 609 179
Lucho del Castejón,"Plaza de Ciríaco Prieto 6 Apt. 28 , Navarra, 44512",catalanmerche@example.org,+34 859 752 720
Martina Sola Miró,"Cañada Gervasio Arnaiz 823, Zaragoza, 22583",eligioaraujo@example.org,+34 921936950
Leocadia Jáuregui Naranjo,"Camino Marcela Borrell 26, Badajoz, 32386",esacristan@example.com,+34937758811
Irene Lobo Abad,"Calle de Otilia Granados 974, Guadalajara, 23798",mirta95@example.org,+34 887 52 16 88
Gerónimo Mateos Isern,"Calle de Albino Barberá 26 Puerta 0 , Segovia, 23428",susanacastell@example.com,+34 901 226 999
Otilia Hervás,"Via Martín Ríos 80 Puerta 1 , Segovia, 50086",tcamacho@example.net,+34 820 91 21 83
Miguel Ángel Vilalta Sarmiento,"Cuesta Íñigo Blanes 97, La Coruña, 10273",canojuan-antonio@example.net,+34873 138 486
Miriam Navarrete Velasco,"Glorieta María Belén Sanjuan 77 Puerta 4 , Valladolid, 51915",abigail45@example.org,+34 821 10 47 37
Vicenta Vizcaíno Plana,"Pasaje de Ángela Escudero 8, Albacete, 05361",palmiramateo@example.com,+34887 114 094
Olegario Hoyos Juliá,"Avenida de Gonzalo Sanmiguel 435 Puerta 1 , Ourense, 15308",santosiriarte@example.org,+34 823 42 81 49
José Luis Cabezas-Flor,"Alameda Oriana Crespi 53 Piso 5 , Teruel, 16099",juan-luisgaray@example.net,+34 803 48 62 51
Victoriano Puga,"Glorieta de Nélida Sarabia 53 Piso 7 , Murcia, 14680",pedrobermudez@example.com,+34 920 850 369
Luz Farré-Otero,"Avenida Cornelio Chacón 57 Apt. 42 , Navarra, 10604",eloisasala@example.org,+34 920991422
Angelita Alfaro Piña,"Ronda de Amador Navarro 604 Puerta 2 , Valencia, 28742",agapitocanizares@example.net,+34 844260987
Saturnina Baquero,"Callejón Manu Márquez 58 Puerta 1 , Zaragoza, 39004",yvalls@example.org,+34 812152195
Ariadna Calderón Santamaria,"Cañada Ciriaco Estrada 50, Cuenca, 41013",vbonilla@example.net,+34 821 932 050
Alberto del Toledo,"Pasadizo Natividad Valls 76 Puerta 1 , Ourense, 06963",uribecelestina@example.org,+34 971 04 33 53
Eva María Paz,"Avenida de Basilio Bernal 823 Piso 9 , Castellón, 03338",leonardoharo@example.org,+34 721 46 45 01
Daniel Giralt Luz,"Calle Chucho Machado 128, Huesca, 49844",dario44@example.com,+34 900253598
Antonio Pagès Villanueva,"Calle de Juan Pablo Lladó 3 Piso 3 , Lleida, 43270",tolivares@example.net,+34 846 32 87 49
Bartolomé Salom-Alfaro,"C. de José Salgado 14 Apt. 13 , Córdoba, 31118",melaniagirona@example.org,+34 985 32 11 83
Rafa Gámez Cabanillas,"Paseo Lupita Conesa 880 Puerta 7 , Pontevedra, 35881",macaria61@example.net,+34944 908 192
Samanta Mariana Nebot Amores,"Paseo de Pepito Martinez 11, Lleida, 51355",paula40@example.org,+34 705 569 219
Noa Natividad Echevarría Baños,"Pasadizo María Lerma 50, Jaén, 44228",arturojurado@example.net,+34 971911774
Borja Oliva Perelló,"Callejón de Paulina Hernandez 63, Soria, 20237",alexandraalamo@example.org,+34847907320
Modesta Sebastián Méndez,"Camino de Paloma Ferrándiz 70 Piso 7 , Cuenca, 03140",felix59@example.net,+34979 64 37 51
Juan Carlos Julio César Castellanos Duran,"Via Rafaela Castro 25, Cáceres, 15793",asdrubal66@example.org,+34877577414
Lucho del Mínguez,"Rambla Marcia Palmer 90 Puerta 6 , Almería, 39490",naciosola@example.net,+34924 580 222
José Luis Tomas-Gracia,"Urbanización de Lara Cañellas 671 Piso 8 , Madrid, 30048",juliealvarez@example.net,+34 826 74 77 39
Darío Vázquez Caparrós,"Glorieta Flavio Beltrán 40 Piso 8 , La Coruña, 22224",samanta75@example.com,+34971322944
Lina Salamanca Porta,"Calle Noelia Ríos 40, Cáceres, 29565",malenaherrero@example.org,+34972 468 686
Elba Anguita Duque,"Pasaje Rodolfo Diego 59, Ceuta, 04082",izquierdomarcio@example.org,+34 848 635 046
Silvestre Casas-Solera,"Rambla de Abel Santos 41 Apt. 59 , Murcia, 38005",gmarti@example.com,+34856 16 60 33
Olimpia Barba Pelayo,"Via Candelaria Paz 40, Tarragona, 02686",tportero@example.com,+34 948 26 89 28
Régulo Martin Fernandez,"Vial de Calixto Trujillo 2 Apt. 65 , Badajoz, 16764",bolanoscipriano@example.com,+34 873346952
Espiridión Salinas,"Ronda Modesta Córdoba 25 Puerta 5 , Navarra, 47898",melisa19@example.com,+34960 142 206
Quique Esteve Carballo,"Cuesta Marcia Caparrós 29, Alicante, 45420",agranados@example.com,+34 984 82 32 81
Marco Cámara-Guillen,"Alameda de Jafet Montes 81, Asturias, 21710",reynaldo33@example.org,+34 983 149 128
Gervasio Escamilla Ayala,"Plaza Jordana Olmo 62, Guipúzcoa, 25015",rayllon@example.org,+34 874 25 68 06
Victor Marciano Piña Oliva,"Glorieta Chus Miguel 34, Cádiz, 10939",dcordoba@example.net,+34844 832 325
Brígida Beltran Quintero,"Acceso Dora Narváez 95, Soria, 35640",calzadacayetana@example.net,+34 887341218
Berto Sales Chacón,"Pasaje de Agustina Arellano 355, Girona, 18214",aamoros@example.org,+34 843 45 21 83
Teodora del Bejarano,"Vial César Sevillano 17 Piso 4 , Córdoba, 46405",demetriogutierrez@example.org,+34 818081931
Raúl Juárez Ropero,"Acceso Leocadio Hoyos 34, León, 33193",renata51@example.net,+34 881 42 92 97
Leyre Palomo Bayón,"Camino de Marino Rojas 32, Toledo, 39417",aleamat@example.com,+34 877109422
Leonel Burgos Tejero,"Vial de Emelina Ledesma 65, Álava, 42034",zaragozasusanita@example.org,+34853 211 216
Pastora Pedro Mena,"Camino Kike Madrigal 33 Puerta 2 , Sevilla, 40746",bernardita09@example.com,+34800 120 568
Águeda Cabañas-Caparrós,"Vial de Oriana Cabezas 1, Las Palmas, 11870",maristela51@example.com,+34 941250613
Águeda Marquez-Alfaro,"C. Esteban Cruz 74 Puerta 4 , Santa Cruz de Tenerife, 16708",robertojaume@example.com,+34824515154
Evangelina Pedraza Ángel,"Paseo Marcela Sotelo 18 Piso 5 , Cuenca, 21732",lilia85@example.org,+34 974 420 735
Édgar Tamarit-Casals,"C. Samuel Madrigal 85 Apt. 22 , Soria, 44038",abellanalcides@example.com,+34 985 33 30 89
Francisco Jose Aristides Céspedes Viñas,"Pasadizo de Isabel Galindo 269 Puerta 4 , Guadalajara, 16796",lvilla@example.com,+34 983 82 93 97
Remigio Escudero Llabrés,"Paseo Bernardita Luís 91, Zaragoza, 01966",almeidacirino@example.com,+34 820089657
Amanda Soler Palau,"Plaza de Alicia Huertas 28 Piso 3 , Guadalajara, 02178",cristianiborra@example.net,+34 806 09 64 96
María Cristina Canales Seguí,"Plaza Basilio Gras 38, Valladolid, 38446",riveromodesta@example.com,+34988 23 40 74
Noé Benavent Amorós,"Cuesta Albino Grau 843, Asturias, 51392",dberrocal@example.net,+34887 07 62 37
Abril Solé Lopez,"Urbanización Teobaldo Vicente 68, Jaén, 37528",ariel43@example.org,+34 847 83 90 72
Amílcar Donaire Amador,"Cañada de Ricardo Arregui 20, La Coruña, 43578",tatianabelda@example.com,+34 948240230
Eliseo Solé Escobar,"Via Concepción Cuesta 93 Piso 9 , Vizcaya, 19468",bporta@example.net,+34 843 79 79 40
Jeremías Ballesteros Querol,"Cañada Fidela Rocha 108, Almería, 37089",lbarroso@example.org,+34847231727
Jose Antonio del Franco,"Alameda de Chucho Ortuño 79 Piso 9 , Ceuta, 21589",reinaldorosa@example.com,+34875010744
Haroldo Malo Pazos,"Cañada Yago Uribe 48, Huelva, 48711",bernarda00@example.net,+34973539778
Adriana Leon Revilla,"Alameda de Sebastian Gimeno 78 Piso 8 , Albacete, 13028",rosario16@example.org,+34803991543
Gisela Tejada,"Plaza Che Palomar 5 Puerta 2 , Lleida, 07740",fabregatmarco@example.net,+34 825390413
Dulce Criado-Lucena,"Rambla de Otilia Paniagua 36 Piso 3 , Córdoba, 06025",cornejorogelio@example.com,+34 972460770
Alberto Seco Bravo,"Via de Rubén Molins 70, Ourense, 34452",cayetana90@example.org,+34973 33 74 47
Seve Peláez Prat,"Glorieta Jafet Larrañaga 59, Soria, 11778",amarocomas@example.com,+34901 80 07 23
Eduardo Codina Delgado,"Glorieta Eliana Larrañaga 75, Soria, 22946",lblanco@example.org,+34884 460 470
Valero Cervantes Sastre,"Cañada de Erasmo Perea 30, Murcia, 01222",iurrutia@example.com,+34 827 147 306
Sandra Ródenas Alegre,"Camino de Julián Paniagua 48 Apt. 86 , Pontevedra, 47023",sobrinofelipa@example.net,+34873 076 412
Matilde Orozco Peñalver,"Alameda Pascual Álvarez 658, La Rioja, 44524",tomasmaldonado@example.org,+34845814358
Zaida Mendez,"Paseo Artemio Salmerón 8, Huesca, 45795",marcelinopaez@example.net,+34 925 38 63 33
Leocadia Porta-Fiol,"Rambla de Cayetano Maza 357 Apt. 11 , León, 19575",sfortuny@example.org,+34882 500 972
Pepito Ayuso Amaya,"Callejón de Elías Jáuregui 10 Puerta 8 , Granada, 04876",maximino34@example.org,+34 944 203 436
Jennifer Sandra Blanca Barriga,"Cañada de Agustina Aparicio 1 Apt. 98 , Huesca, 19325",portillofeliciana@example.com,+34960 134 862
Mirta Jordá-Huerta,"Rambla Genoveva Villanueva 67, Córdoba, 14052",felicidad62@example.com,+34 872 944 835
Vinicio Boix Jáuregui,"Avenida Anita Acero 77 Puerta 6 , Cantabria, 37059",ocepeda@example.org,+34982526525
Isidoro Peralta,"Callejón de Clara Báez 783 Apt. 26 , Tarragona, 47441",fabian05@example.net,+34 946894065
Severo Francisco Palacio,"Calle de Nicolasa Nadal 4, Las Palmas, 02364",pozoconstanza@example.org,+34 981 40 03 49
Aurora Yésica Parejo Marti,"C. Ariel Malo 1, Salamanca, 33651",qduarte@example.com,+34 900 79 43 00
Abril Bárcena Pedrero,"Via Fortunata Vazquez 15 Apt. 57 , Guadalajara, 38990",alegreleticia@example.net,+34976 43 24 80
Evaristo de Francisco,"Vial de Imelda Lamas 96, Guadalajara, 18895",suarezgerardo@example.com,+34872 64 61 94
Pastor Almansa Moles,"Glorieta Sebastián Franch 81 Apt. 63 , Ourense, 47273",salomon29@example.net,+34849916924
Dominga Garrido,"Avenida de Dominga Ródenas 99 Piso 3 , Tarragona, 33168",chelo55@example.net,+34 872 19 62 67
Cirino Cerdá Piña,"Rambla Octavio Lloret 78, Sevilla, 42671",cristiannovoa@example.net,+34913634975
Guillermo Garmendia Bueno,"Calle de Patricia Alsina 78 Apt. 25 , Pontevedra, 17783",izquierdojovita@example.com,+34 842 81 88 53
Tamara Palacio Mariscal,"Pasaje de Julieta Farré 545 Piso 7 , Palencia, 29623",gserrano@example.net,+34 922 59 31 04
Rosalía Marco Tejero,"Ronda Patricio Sanz 8, Jaén, 23495",zgallardo@example.com,+34807 196 692
Antonio Mateo Palacio,"Rambla Adelaida Alegre 85, Lugo, 32998",sebastianfalco@example.com,+34 948974731
Yolanda Casanovas Cerezo,"Vial de Abel Barroso 65, Granada, 42090",tatianaberrocal@example.com,+34 747 36 83 64
Ligia de Llorente,"C. de Sandra Cuevas 59 Puerta 2 , Cantabria, 41621",kikebarrio@example.com,+34 945 23 97 51
Ramón Girón Arnau,"Callejón Coral Herrero 35, Ciudad, 25747",brudaniela@example.org,+34 985 184 552
Iris Cañas Figuerola,"Acceso de Cruz Rosselló 7, La Rioja, 08655",camaya@example.com,+34880 37 25 68
María Manuela Chaparro Reig,"Glorieta de Perla Ibáñez 4, Lugo, 08214",camilafeijoo@example.net,+34 820252760
Kike Eloy Antúnez Barbero,"Vial Reinaldo Donoso 438, Murcia, 27832",sastrericarda@example.com,+34 925 39 68 47
Leocadia Lamas Benavent,"Cuesta Ángela Hernández 75 Apt. 16 , Guadalajara, 29021",wpujol@example.org,+34972 84 84 32
Brígida Falcón Ponce,"Rambla Bautista Posada 12 Puerta 6 , Cantabria, 01337",balagueryolanda@example.com,+34 812129311
Lupe de Iniesta,"Alameda Zaida Alemán 82 Puerta 2 , Segovia, 01007",kminguez@example.net,+34 807 764 914
Leticia Ros,"Cañada Plácido Cobo 250 Apt. 09 , Segovia, 30199",quirosazahara@example.net,+34901 21 56 82
Herberto de Martín,"Plaza de Candelario Ballesteros 6, Huesca, 21320",emperatrizserrano@example.net,+34828 375 306
Teo Zurita Ayllón,"Ronda de Héctor Guerrero 83, Ciudad, 44179",teodosio73@example.com,+34823695587
Baldomero Bolaños Diaz,"Vial Simón Pujadas 539 Apt. 49 , Granada, 37796",adela30@example.net,+34877482838
Carlos Solano Pont,"Glorieta Judith Rius 7, Santa Cruz de Tenerife, 10658",aristidesrubio@example.net,+34 981 60 95 88
Ismael Bravo,"Glorieta de Héctor Riera 5, Huesca, 18591",pcabo@example.com,+34 964 362 651
Josefa Santiago Solsona,"Rambla de Candelaria Milla 96, Teruel, 49652",andreslujan@example.org,+34 924733063
Ámbar Ferrer Palomar,"Via de Guadalupe Vila 971 Apt. 67 , Navarra, 21699",romasosimo@example.net,+34975325340
Moreno Berrocal Mir,"Cañada de Javier Batlle 74, Valencia, 13408",salud46@example.net,+34 976265566
Jerónimo Campillo Castelló,"Rambla Miguel Ángel Vergara 88, Tarragona, 39068",cletobolanos@example.org,+34 922 88 84 10
Apolinar Alcalde-Gil,"Via de Tamara Saavedra 4, Badajoz, 28484",cflores@example.com,+34 902 68 18 03
Ámbar de Arana,"Cuesta de Febe Luna 25, Valladolid, 37391",barriobautista@example.net,+34876 324 541
Victoriano Tejada Iñiguez,"Pasadizo Fulgencio Gomila 6 Puerta 5 , Zamora, 41699",leocadiogracia@example.org,+34727 804 336
Eugenia de Morales,"Callejón Moisés Haro 897 Piso 2 , Jaén, 08543",chaparropelayo@example.com,+34884 11 97 61
Alejandra Sarabia Pallarès,"Pasadizo Agapito Varela 56, Sevilla, 44560",azenethbarral@example.com,+34800 108 630
Tecla Borja Suarez,"Via Cayetano Puga 84 Apt. 28 , Castellón, 50565",ameliasebastian@example.org,+34823 512 293
Amada de Fiol,"Calle Petrona Alemán 2, Valencia, 26862",urbanolozano@example.org,+34815995845
Rosaura Comas,"Calle María Manuela Núñez 96, La Rioja, 28126",dcabrera@example.org,+34881 76 85 64
Amaro Codina-Casanovas,"Callejón de Domitila Mínguez 16 Puerta 0 , Soria, 25564",iker85@example.com,+34 806 078 172
Nicanor Cerdá Pellicer,"Glorieta de Elvira Gimenez 25, Asturias, 32192",dionisiabusquets@example.net,+34 884 70 29 11
Cipriano Carrión Lucena,"Avenida Maura Valencia 11, Madrid, 51812",zvera@example.com,+34 843461656
Gracia Rios Gelabert,"Pasadizo de Maricruz Díez 48 Puerta 5 , Teruel, 17504",mmariscal@example.org,+34944 927 103
Dionisia Maldonado Martín,"Rambla Venceslás Pinedo 55 Puerta 0 , Asturias, 20281",gaguila@example.org,+34 733877627
Nazario de Murillo,"Rambla de Manuelita Montero 89, Ciudad, 34302",dfalcon@example.org,+34807 497 406
Cayetana Miranda-Fortuny,"Cuesta Felipa Andrés 79 Piso 2 , Vizcaya, 13346",anaroura@example.org,+34885 971 449
Espiridión Peñalver Priego,"Plaza de Fabián Uriarte 46 Piso 7 , Pontevedra, 25933",msolana@example.org,+34841101368
Vera de Roca,"Via Macarena Gonzalo 4 Piso 9 , Almería, 36799",carlitoalberola@example.net,+34 981 10 21 77
Graciano Ferreras,"Calle Jose Antonio Cabello 473 Piso 0 , Albacete, 02255",encarnaciongarriga@example.org,+34983 22 01 90
Eligio Eric Zabala Villaverde,"Ronda de Ema Benavente 44 Apt. 96 , Segovia, 21649",piquersoraya@example.com,+34930 66 90 37
Claudio Villalba Lladó,"Glorieta Epifanio Raya 851 Apt. 91 , Barcelona, 20183",ursula60@example.org,+34 928518211
Ana Sofía Gargallo,"Rambla de Hugo Solera 629, Lugo, 30649",geraldo93@example.com,+34 874 18 85 70
Calista Almagro Luján,"Calle de Roxana Gabaldón 29 Apt. 52 , Asturias, 22937",buenaventuracatala@example.com,+34 828 385 877
Heriberto Jose Luis Piñeiro Gual,"C. de Sigfrido Chamorro 195 Apt. 40 , Palencia, 03138",barbaraarce@example.com,+34931 24 90 91
Melchor del Múgica,"Acceso de Chema Borrego 8, Las Palmas, 31016",leandrocollado@example.org,+34924700067
Santiago Escobar,"Paseo Severiano Fuster 24 Apt. 97 , Barcelona, 33433",canterocristobal@example.net,+34983693471
Encarnita Vidal Enríquez,"Avenida Dorita Mancebo 14, Lugo, 37123",arturoalmazan@example.net,+34945295344
Iván Angulo,"Via de Osvaldo Echevarría 6, Las Palmas, 06550",toniadan@example.com,+34 842588071
Berta Nuñez Bonilla,"Cuesta de Leandra Salvador 1 Apt. 88 , Girona, 10264",carmenbarriga@example.org,+34846742049
Marisela Tur-Pellicer,"Vial de Fortunata Mendizábal 29 Apt. 71 , Toledo, 25130",melisa37@example.net,+34842 33 98 44
Lucio Vélez Martin,"Glorieta de Virgilio Huertas 4 Piso 8 , Palencia, 15452",rcanals@example.net,+34875736333
Nicanor del Ramón,"Avenida de Vicente Cases 474 Puerta 8 , La Coruña, 47521",xgodoy@example.net,+34 886598325
Malena Segarra Piñol,"Glorieta Ani Olivera 9, Lleida, 25082",leonardolinares@example.net,+34 978109778
Carmen Rocamora Bermudez,"Via Paola Sastre 40 Puerta 1 , Ourense, 40938",garrigafeliciano@example.org,+34 612726709
Rosario de Redondo,"Pasadizo Selena Rodriguez 26, Tarragona, 32826",juancarnero@example.net,+34848 57 18 37
Ligia Luque Román,"Plaza Tecla Cueto 59 Piso 4 , Badajoz, 02924",kvaquero@example.net,+34822760503
Marcelo Mateos Castrillo,"Glorieta de Isaías Nogués 94 Piso 8 , Huelva, 45713",acedoximena@example.com,+34978 588 540
Encarnacion Linares Puerta,"Calle de Abril Gelabert 3 Puerta 0 , Almería, 20904",hipolito59@example.com,+34880 792 011
Dorita Lladó Badía,"Camino Reyes Oliver 16, Salamanca, 34308",villanuevaeric@example.org,+34 849 82 85 83
Carmelita Arregui Gras,"Avenida Paco Daza 9, Zamora, 17662",elba18@example.org,+34 984 178 771
Eusebio Villar Rueda,"Plaza Adoración Godoy 56, Barcelona, 09024",wduque@example.com,+34 723 29 57 77
Ale Bosch,"Avenida Graciano Sebastián 7 Apt. 73 , La Coruña, 50470",gisela71@example.net,+34 988128611
Federico Andrés,"Callejón de Leticia Arribas 31 Puerta 3 , Asturias, 44140",isabelcarretero@example.org,+34806 43 51 87
Olegario Amigó Quero,"Urbanización de Nazaret Alonso 69 Puerta 2 , Barcelona, 30938",andrealanda@example.com,+34967219608
Gerardo Quintanilla Lerma,"Cañada Begoña Jaume 70, Jaén, 13525",teclarios@example.org,+34 941204604
Antonio Delgado Bustos,"Alameda Maristela Clavero 645 Puerta 3 , Cantabria, 40504",maria-angeles33@example.net,+34975 82 34 31
Almudena Alberto Capdevila,"Via de Dafne Muñoz 4 Apt. 65 , Badajoz, 38565",gtorres@example.net,+34 717 35 20 54
Alejandro Lorenzo-Fabra,"Paseo de Chuy Mur 86, Valladolid, 18554",jimenezmaria-teresa@example.net,+34 972 988 452
Silvestre Olivera Escolano,"Acceso de Eliseo Conesa 176 Puerta 0 , Ourense, 06722",salvadorandres@example.org,+34954583928
Julio César Goñi Hervia,"Plaza de Leandro Bernal 73, Asturias, 41796",fernandezroberta@example.org,+34 887 901 664
Ruben Riba-Simó,"Plaza Lope Fonseca 73 Apt. 55 , Zaragoza, 37143",soleralara@example.org,+34921 68 31 26
Leonardo Palmer Botella,"Urbanización de Ricarda Arana 55 Puerta 7 , Murcia, 15089",borjamunoz@example.org,+34 952 932 424
Juan Antonio Pedrosa Cobos,"Cuesta de Sancho Torrents 1, Lleida, 46553",roblestere@example.org,+34 807 910 756
Nidia Linares Acedo,"Urbanización Alex Castell 56 Puerta 8 , Guipúzcoa, 26830",maciasherminio@example.net,+34984 171 451
Elpidio Benet Sanabria,"Cuesta Elías Milla 40 Apt. 37 , Soria, 47336",maximiano75@example.net,+34987 41 79 28
Eugenio Camacho Sanmiguel,"Alameda Noé Riba 869 Puerta 3 , Guadalajara, 40341",domingaparejo@example.net,+34983 696 998
Estela Lluch,"Avenida de Francisca Escolano 2, Vizcaya, 23683",francisco-josevilalta@example.net,+34806 299 921
Emiliano Rosell Marin,"Calle Miguel Ángel Miralles 55, Ávila, 01977",fabricio09@example.net,+34 654 94 30 53
Álvaro Vázquez Arcos,"Rambla Pili Páez 7, Albacete, 02144",mateodario@example.net,+34 877683291
Olivia Llorente,"Urbanización Edgardo Roldán 5, Las Palmas, 34853",gtorrens@example.net,+34902 760 028
Herminio Vilanova Hoyos,"Paseo Fernando Manrique 4, Córdoba, 18191",vergaramohamed@example.org,+34 920 21 35 54
Primitivo Escobar Madrigal,"Vial Cristian Goñi 1, Huesca, 28512",wmarti@example.net,+34888 117 681
Clara del Andrés,"Pasadizo Atilio Vives 52, León, 28208",pintorangelina@example.net,+34880 05 71 99
Xiomara Amaya Rocamora,"Calle de Benigna Saavedra 7, Guipúzcoa, 37317",rosalvabarrera@example.org,+34941 023 950
Cirino del Cid,"Callejón de Eusebia Antúnez 24, Ciudad, 32174",nicolasa28@example.net,+34881842322
Montserrat Carpio Dalmau,"Cañada de Natividad Bonet 95 Apt. 15 , Girona, 08308",virginia53@example.org,+34987491577
Belén Garriga Saavedra,"Pasadizo de Donato Puerta 1 Puerta 1 , Guipúzcoa, 34040",juanita00@example.org,+34974409198
Carmina Comas Fuente,"Callejón Óscar Ayllón 64, Almería, 35957",banosjoaquina@example.net,+34800122082
Gilberto Plácido Plana Bravo,"Glorieta Donato Girón 67, Zaragoza, 13416",verdugoeleuterio@example.org,+34943 68 70 61
Saturnina del Soria,"Alameda de Leyre Torrent 77 Piso 1 , Cáceres, 48960",carrerasadriana@example.net,+34841 42 61 22
Humberto Pinedo Casas,"Cuesta de Lope Cabo 77 Apt. 52 , Cuenca, 16331",ingridgargallo@example.org,+34842 525 359
Pánfilo Valdés Castellanos,"Pasaje Rosalina Santos 88, Cuenca, 10489",jcamino@example.org,+34728061105
Nicanor Ezequiel Garriga Cerdá,"Pasaje Camila Ballester 67, Ávila, 42614",miroalbina@example.net,+34 988 856 851
Desiderio Heriberto Llorens Naranjo,"Pasadizo de Elba Pintor 17, Cádiz, 07359",erasmo46@example.net,+34 702040243
Gaspar Gomez Valenciano,"C. Ciriaco Ocaña 1, Melilla, 42134",perlita19@example.com,+34 888 24 96 63
Felix Carrillo Andrade,"Via de Virgilio Andrés 94 Apt. 58 , Zaragoza, 28026",maraujo@example.org,+34 980342457
Sara Páez Valero,"Alameda Pánfilo Clavero 35 Puerta 6 , Jaén, 29655",andreumario@example.com,+34 822166684
Bernardita Arce-Mayo,"Ronda de Luisina Vidal 70 Apt. 02 , Santa Cruz de Tenerife, 09270",pili55@example.com,+34 922 194 131
Tere Lupita Morillo Puente,"Avenida de Juan Francisco Mena 845, Santa Cruz de Tenerife, 46964",santiagomontserrat@example.org,+34 884 49 94 72
Fanny Diaz Taboada,"Calle Aurora Moreno 4 Puerta 9 , Valencia, 13019",nebotelodia@example.net,+34 930 527 158
Joan Colomer Giner,"Via Augusto Carlos 4 Puerta 1 , Valladolid, 25552",equintero@example.net,+34800 65 06 91
Lope Ribera-Bertrán,"C. Eli Roca 748 Apt. 72 , Baleares, 18640",feliciacortes@example.org,+34 845 97 84 33
Victor Expósito Rey,"Glorieta Odalis Mayo 4, Cádiz, 02732",leonor35@example.com,+34 987 677 368
Segismundo Mayoral-Falcón,"Cuesta Filomena Pla 182, Palencia, 14903",ambar94@example.com,+34987 91 02 92
Lorena Zabaleta Verdugo,"Callejón de Débora Comas 69 Apt. 46 , Lugo, 16196",qpuente@example.org,+34 825998527
Paula Perales Marin,"Camino Vinicio Llanos 8, Baleares, 44820",baezeutimio@example.net,+34941253045
María Fernanda Campoy-Vidal,"Paseo Teófila Costa 7, Baleares, 15059",reina06@example.com,+34 941 38 22 60
Jordana Pérez Leon,"Calle Luis Herrero 12, Castellón, 31625",nugarte@example.net,+34 971 24 37 31
Aurora Cases Codina,"Avenida Espiridión Juárez 143 Apt. 15 , Ávila, 06445",ivelez@example.net,+34876 26 73 65
Sigfrido de Lamas,"Callejón de Herberto Andrés 48 Apt. 75 , Huelva, 16002",eloygomila@example.com,+34849 498 614
Agustín Hurtado Campos,"Acceso Amaya González 72, Ávila, 32665",carmelo37@example.net,+34 921051035
Haroldo Manuel Bilbao,"C. de Gertrudis Marquez 7 Puerta 1 , Barcelona, 16951",luna37@example.net,+34837016336
Pánfilo Ortega Rebollo,"Callejón Yésica Andreu 22 Apt. 03 , Santa Cruz de Tenerife, 03833",saldanaflorencia@example.org,+34887 554 280
Ovidio del Llorente,"Calle Bonifacio Murcia 63, Álava, 18726",porfirioaguilar@example.com,+34 986201538
Florinda Duran Espada,"Cañada Mamen Benavides 47, Soria, 22240",pedro27@example.org,+34925 864 897
Mónica Cantero Fuster,"C. Pío Lillo 42, Madrid, 18540",hilda09@example.com,+34828 337 511
Abilio del Cabello,"Pasadizo de Javiera Tello 5, Navarra, 46616",gomilamagdalena@example.com,+34 881 286 612
Graciana Ropero Coloma,"Pasadizo Dora Pedrosa 63 Apt. 78 , León, 08290",fabricio82@example.net,+34 977 45 26 12
Abigaíl Estevez Oller,"Vial de Ainara Ortuño 44 Puerta 8 , Málaga, 08404",jimena49@example.com,+34800366057
Adoración del Zaragoza,"Acceso Calixto Varela 88 Piso 5 , Vizcaya, 48974",asancho@example.net,+34941844631
Reyna Jimenez Mata,"Acceso Jennifer Barrena 28 Piso 1 , Teruel, 47805",opallares@example.com,+34 803995089
Milagros Briones Castell,"Plaza Hipólito Casanovas 752 Puerta 5 , Alicante, 40229",luis-miguel60@example.com,+34946884295
Concha Rodríguez-Llano,"Glorieta Alfredo Velázquez 472 Piso 3 , Santa Cruz de Tenerife, 18169",ivan00@example.net,+34 956532978
Esther Infante,"Cuesta María Ángeles Palomino 64, Badajoz, 42207",bayoninocencio@example.net,+34702508261
Pía Solsona-Valentín,"Avenida de Reynaldo Quirós 345, León, 30124",omontoya@example.org,+34922739343
Blas Amor Esteve Zamorano,"Pasadizo Calixto Domingo 790 Puerta 2 , Lugo, 18054",garzonremigio@example.com,+34 930 01 09 38
Isabela de Lucas,"Glorieta Íñigo Vega 464 Piso 8 , Baleares, 02755",colomerpascuala@example.com,+34 984 038 007
Ani de Bermejo,"Alameda de Victoriano Juárez 12 Apt. 22 , Ourense, 22782",fusternando@example.org,+34943026288
Wálter Barrio-Sierra,"Camino de Carlos Díez 68, Cuenca, 14595",oscarabascal@example.net,+34921 60 05 04
Salvador Conde Cabanillas,"Acceso Ileana Herrero 9, Jaén, 23945",recioleon@example.net,+34901 485 261
Miriam Amores Llanos,"Callejón Tamara Tudela 13 Piso 3 , La Rioja, 48606",humbertobou@example.net,+34 846 405 941
Aureliano de Ramirez,"Pasadizo de Julio César Aguirre 54, Zaragoza, 03654",bravoobdulia@example.org,+34901 87 07 87
Martirio Huguet Vargas,"Paseo Delia Pizarro 74, Cantabria, 13644",paca17@example.net,+34 823 81 43 90
Felicia Borrell-Puente,"Calle Crescencia Conde 48, Zaragoza, 47327",mhuertas@example.net,+34 880 69 65 04
Ana Sofía Sevillano Moya,"Paseo Loida Cañete 26 Puerta 8 , Zaragoza, 06724",monica39@example.org,+34 807417112
María Teresa Pizarro Codina,"Callejón de Maribel Casas 65, Pontevedra, 12984",veraliliana@example.com,+34861 504 688
Bonifacio Virgilio Hernandez Vilar,"Cuesta Nacho Gilabert 38 Puerta 2 , Huelva, 21604",velazquezflavio@example.net,+34 842 606 321
Jose Angel Leocadio Tamarit Chamorro,"Callejón Trinidad Quero 4 Apt. 15 , Albacete, 40447",soriaalex@example.com,+34656 37 15 45
Bernabé Aristides Segarra Palomar,"Alameda de Josefa Amador 974, Madrid, 31254",palomochuy@example.net,+34 949 675 285
María Fernanda Antúnez Lloret,"Callejón Amarilis Sanchez 19, León, 26873",borraspaz@example.com,+34 942480516
Jerónimo Gabino Perera Ferrando,"Calle de Eva Maldonado 29 Puerta 0 , Pontevedra, 22917",znogues@example.org,+34920 77 35 46
Hermenegildo Raya,"Plaza Elías Zapata 9 Puerta 0 , Ourense, 43357",malenavinas@example.org,+34823202651
Benito Godoy-Uribe,"Vial Alfredo Mesa 24 Puerta 0 , Álava, 06696",duenasjudith@example.org,+34 948 40 82 11
Silvio Castellanos Corominas,"Rambla Noelia Monreal 543 Puerta 0 , Jaén, 43184",criera@example.net,+34971 09 15 92
Lucho Estévez Salvador,"Camino Aránzazu Saura 99 Apt. 57 , Ciudad, 22596",rjerez@example.net,+34 973 223 572
Manuela del Anaya,"Rambla Andrés Felipe Enríquez 3 Puerta 1 , Melilla, 33269",montserrat21@example.net,+34 826 99 49 38
Sabas Perales Toro,"Via Calixto Pera 54, Girona, 42217",egeasaturnino@example.com,+34 928 39 58 06
Trinidad Sans,"Cañada Fortunato Roldan 3 Puerta 2 , Palencia, 16552",palaciosjose-luis@example.net,+34 700 200 829
Ignacio Torrijos Perales,"Callejón Coral Isern 487, Cáceres, 38271",maristelapoza@example.org,+34 948 55 23 83
Camila Alcaraz Mariscal,"Acceso Fernando Malo 241, Cáceres, 20964",baltasar96@example.org,+34844 92 41 40
Blanca Pou Aguado,"Cuesta de Anselmo Figueroa 2 Apt. 41 , Salamanca, 04987",cgabaldon@example.com,+34842 720 281
Samu Clemente-Talavera,"C. Eligio Canet 33 Apt. 22 , Salamanca, 12369",mmorata@example.com,+34 872 58 18 67
Salvador Escrivá Mur,"C. de Ascensión Vilaplana 34 Apt. 25 , Ávila, 11549",rosarioparejo@example.com,+34872 93 49 83
Nicolás Tejero Sáez,"Via Sandalio Aroca 847, Cantabria, 51344",nandoferrera@example.com,+34844 66 01 96
Teodoro Llorente,"Rambla Albina Ros 1, Teruel, 27817",aurea81@example.com,+34 689 89 45 37
Ariel Castellanos Vaquero,"Glorieta Xavier Chaparro 177 Puerta 1 , La Rioja, 17006",miguel-angelgallo@example.com,+34873 47 31 99
Rafael Salcedo,"Callejón Jacobo Yáñez 15 Puerta 0 , Pontevedra, 48851",iamores@example.org,+34 988 021 606
Anacleto Goñi-Aliaga,"Cuesta de Mariana Enríquez 84 Apt. 17 , Barcelona, 32129",esperanzaarevalo@example.org,+34874 94 57 66
Edelmira Gracia,"Glorieta de Marcelo Ferrán 8 Puerta 9 , Córdoba, 28833",thuguet@example.org,+34887008223
Felisa Paniagua Rosales,"Ronda Sonia Melero 71 Piso 4 , Granada, 28840",manzanaresadrian@example.net,+34949493633
Leticia Campos Pelayo,"Via Judith Verdejo 5 Puerta 5 , Lugo, 19854",handres@example.org,+34 722 620 589
Rogelio Joan Mariscal Cuervo,"Alameda Eliseo Expósito 6 Piso 4 , Castellón, 22886",guardiolajoaquin@example.org,+34 879 88 96 33
Ana Toro Mayoral,"C. de Vanesa Atienza 99, Valencia, 48854",ester85@example.com,+34828 286 222
Aránzazu Hortensia Bosch Borrell,"Glorieta de Pili Lucena 9, Guadalajara, 13665",zortega@example.com,+34887 106 168
Felipa Barranco Mata,"Plaza Fortunato Crespo 90 Puerta 0 , Navarra, 47345",hilda95@example.com,+34988 512 019
África Camino Montaña,"Acceso de Eufemia Delgado 2, La Coruña, 45456",qbautista@example.com,+34 973048356
Máxima Solera Piñol,"Avenida de Magdalena Conde 190 Puerta 9 , Santa Cruz de Tenerife, 07059",barrenateresita@example.net,+34943 59 12 04
Miguel Ángel Francisco Javier Alberto Caparrós,"Urbanización Evaristo Peinado 75, Badajoz, 46745",emigdio43@example.org,+34924 569 332
Máxima Ramón,"Pasadizo Melchor Tormo 71 Apt. 26 , Lugo, 30712",robertoantunez@example.net,+34 946 45 07 30
Joel Ureña Toledo,"Cañada de Adela Zapata 8 Apt. 15 , Murcia, 10104",ramiro84@example.com,+34740 82 67 78
Dafne Valverde Zamorano,"Calle de Bibiana Isern 39 Apt. 38 , Navarra, 08706",mpardo@example.net,+34 981 207 736
Gala Llorente Borrell,"Acceso de Cayetana Pozuelo 66, Asturias, 02470",jose-ignaciocolom@example.net,+34900 711 344
Andrés Aragón Barriga,"Callejón Francisco Jose Tello 13, Zamora, 49122",rolandoduenas@example.org,+34902 11 76 76
Lucho de Mateos,"Paseo Ezequiel Bermúdez 412 Puerta 7 , Toledo, 30918",ualemany@example.com,+34883 02 89 27
Judith Granados Gallardo,"Via Pepita Larrañaga 7 Puerta 4 , Tarragona, 21863",beatrizvillena@example.com,+34833 269 452
René Falcó,"Plaza de Mónica Montes 36 Puerta 9 , Almería, 38771",gimenezclimaco@example.com,+34922 62 28 30
Laura Bartolomé Puig,"Plaza de Valeria Ureña 93 Piso 1 , Palencia, 46518",micaelacuevas@example.org,+34923143137
Fanny Sáenz Villanueva,"Acceso de Felipe Vargas 77 Piso 9 , Murcia, 06011",victorinoarevalo@example.net,+34 926479514
Gloria Páez Gaya,"Urbanización Joel Coronado 346, Madrid, 48424",domingo81@example.org,+34921676604
Telmo Soriano Leal,"Avenida Juanita Aller 1 Piso 4 , Badajoz, 47880",xartigas@example.com,+34 825549967
Reyna Boix Soto,"Alameda Carolina Bueno 51 Piso 9 , Guipúzcoa, 04768",fidela38@example.net,+34 871 386 683
Victoriano Seco Huerta,"Plaza de Amando Manjón 11, Alicante, 08802",vnunez@example.net,+34 883 016 680
Jafet Quevedo Gordillo,"Callejón de Alma Garzón 84 Puerta 8 , Granada, 02509",barbarasalva@example.com,+34950 99 65 19
Victoria Concha Batalla Acosta,"Vial de Chuy Balaguer 932 Piso 0 , Albacete, 39865",piedadvargas@example.com,+34 922 70 78 35
Ruy Garrido-Azorin,"Urbanización de Zaida Gonzalo 20, Ávila, 39069",samperasuncion@example.net,+34 941980719
Nicolasa Vila-Echeverría,"Calle de Viviana Benitez 276, Madrid, 28924",mtormo@example.com,+34924 08 20 16
Ramiro de Pastor,"Pasadizo Joan Aliaga 7 Apt. 40 , Córdoba, 48777",qvalls@example.net,+34 875 265 990
Eliseo del Mas,"Cuesta Daniel Iñiguez 3, Navarra, 22426",jpelayo@example.org,+34 856567201
Susanita Quevedo Cuenca,"Alameda Alba Pazos 86 Apt. 46 , Ávila, 08576",fabianavera@example.com,+34849 128 428
Jose Antonio Jurado Vigil,"Avenida de Lola Lorenzo 69, Palencia, 50853",vegajose-luis@example.com,+34937582078
José Ángel Solís Bayo,"Camino de Emiliano Grau 566 Puerta 7 , Navarra, 24641",joaquinarnau@example.net,+34 972 70 36 23
Crescencia Puig Bermúdez,"Urbanización de Antonia Quintanilla 56, Cádiz, 40024",alfredocabrero@example.org,+34971 752 680
Wálter de Bonet,"Callejón de Luis Casal 69, Zaragoza, 03437",milagros01@example.org,+34915 55 30 25
Adelia Luna Noguera,"Pasadizo Victorino Valencia 26, Castellón, 36779",juanita60@example.net,+34847776964
Macaria Barrio Criado,"C. de Amador Castilla 8, Cáceres, 09763",cmurcia@example.org,+34985904930
Carolina Flores Abril,"Rambla de Salud Calatayud 48 Piso 4 , Navarra, 29882",zbauza@example.com,+34 837162572
Julio Almazán Berenguer,"Cañada Armando Vendrell 5 Puerta 6 , Burgos, 14576",ruben21@example.net,+34 955980927
Montserrat Cervantes Valentín,"Acceso Verónica Castejón 333 Piso 2 , Jaén, 18314",evaristobonet@example.net,+34 817290422
Saturnina Mayol Espejo,"Acceso de Nicolasa Neira 5 Piso 0 , La Coruña, 16764",arinooscar@example.com,+34874352073
Bienvenida Pintor Expósito,"Alameda Encarnacion Zurita 76, Huesca, 50192",mtormo@example.net,+34976 53 00 39
Aurelio Rocamora Sainz,"Pasadizo de Lorenza Aguilera 78, Córdoba, 35388",tiglesia@example.com,+34872 10 17 60
Gloria Ugarte Egea,"Cañada de Pancho Ocaña 92, Teruel, 35691",felisavarela@example.com,+34 945346392
Quique Costa Sotelo,"Glorieta Primitivo Carlos 55 Piso 0 , León, 37015",violetamir@example.net,+34 937 48 04 86
Glauco Llopis Belmonte,"Pasadizo Aarón Suárez 325, Segovia, 03804",canetetania@example.org,+34 844 55 81 91
Plinio Adrián Mendoza Nieto,"Cañada de Gaspar Luís 50 Apt. 88 , Las Palmas, 35169",nelida16@example.net,+34 728497600
Chus Casado Benavent,"Acceso Tristán Oller 345 Piso 2 , Zaragoza, 22556",icrespo@example.org,+34 874 42 66 63
Ramona Blanes Clavero,"Calle de Aránzazu Piñeiro 26, Valladolid, 34345",jose-angel22@example.net,+34 948 771 472
Elisabet Mesa,"Glorieta Lázaro Pazos 685, Madrid, 09823",bernarda50@example.org,+34 827 87 12 84
Mar Codina Santiago,"Pasadizo de Valentina Grande 23, Albacete, 07056",apelaez@example.com,+34883 537 663
Bienvenida Azorin Hervia,"Rambla de Armida Cárdenas 1 Puerta 9 , Zaragoza, 49868",rosalinacanete@example.org,+34911 352 507
Sebastián Alegre Rivas,"Avenida Ruben Piñeiro 655, La Coruña, 29528",ambrosio33@example.com,+34 716 89 20 21
Plinio Colom Valenzuela,"Acceso de Gabriel Viñas 102 Puerta 5 , Almería, 17882",garevalo@example.com,+34879 66 84 43
Eutimio Catalá Romero,"Pasaje de León Miranda 54 Apt. 98 , Albacete, 14590",nazariovazquez@example.com,+34 976372676
Javi Anacleto Río Hernández,"C. de Juan Vicens 158 Apt. 50 , La Rioja, 30941",beatrizpalomino@example.com,+34 918690863
Celso Enríquez Vilaplana,"Plaza Eufemia Pedraza 86 Piso 1 , Lleida, 37147",xgonzalo@example.org,+34 921 542 037
Brunilda Ferrández Casas,"Callejón de Laura Tenorio 90, Sevilla, 04775",patricia92@example.org,+34880 00 01 75
Maristela Esteve Ribes,"Paseo Paula Soria 6 Apt. 28 , Burgos, 37084",colomsancho@example.net,+34975 99 32 78
Iván Urrutia,"Acceso José Madrid 94, Melilla, 28030",kjover@example.com,+34935 075 350
Macario Aguado Rico,"Cañada Silvia Mármol 933 Puerta 7 , Álava, 09062",ramonavaquero@example.net,+34 822 62 07 63
Marisol del Vilaplana,"Pasaje de Dimas Porras 82, Ourense, 05900",leocadia43@example.com,+34743186739
Francisco Jose de Alonso,"Acceso de Cornelio Ariño 95, Almería, 33010",lcuevas@example.net,+34 874080173
Marta Agustí Lledó,"Cañada de Victoriano Plana 7 Puerta 7 , Barcelona, 09848",pcervantes@example.org,+34878 513 064
Mauricio Figueras Mancebo,"Paseo de Wilfredo Román 6 Apt. 45 , León, 21495",herranzcristina@example.net,+34 947 134 378
Juanita Garcés Lledó,"Alameda de Esther Torres 2, Málaga, 06361",palomodulce@example.net,+34807 093 706
David Tadeo Miguel Busquets,"Pasadizo de Marcelo Andreu 34 Apt. 26 , Almería, 02903",carmenferrando@example.org,+34824972089
Silvio Saura Mir,"Camino Amelia Pizarro 41 Apt. 48 , Segovia, 44147",psanabria@example.net,+34968989747
Jennifer Palau Palomino,"Cuesta de Paulina Raya 1, Cantabria, 13129",tmadrigal@example.com,+34 887 741 160
Vinicio Pombo Juan,"Callejón de Cebrián Ávila 12, Zaragoza, 19688",romanflorinda@example.net,+34 732 040 160
Juanita Zabaleta Rodríguez,"Avenida de Itziar Jerez 59, Cáceres, 38239",pperal@example.org,+34943 177 439
Florentino Soler Serra,"Pasaje de Julieta Oliveras 298, Sevilla, 33681",ruperta59@example.net,+34 749601661
Alonso Remigio Perales Merino,"Pasaje de Manu Lillo 35, Alicante, 41788",chuchogonzalo@example.org,+34823 108 950
Eutimio Solsona Pascual,"Camino de Milagros Montalbán 89 Piso 1 , Lleida, 20048",conchaescribano@example.org,+34 740 47 42 83
Juan Carlos Baquero,"Pasadizo Amador Yuste 98 Puerta 3 , Sevilla, 43760",mgalindo@example.org,+34 979 27 26 95
María Ángeles Jordán Arribas,"Plaza Hilario Ayala 825 Piso 2 , Santa Cruz de Tenerife, 16247",pascuala47@example.net,+34 820 62 59 00
Anastasio Sanchez Vives,"Plaza de Adalberto Lucas 93 Apt. 83 , Pontevedra, 02906",vivesainoa@example.net,+34 946 99 86 39
Elena Molins Valdés,"Callejón de Rosario Quiroga 36, Navarra, 27028",luchocalvet@example.com,+34 921 204 618
Lorenza Vaquero Villalba,"Camino de Felipe Reig 1 Puerta 6 , Lugo, 47269",miriambarco@example.com,+34822070913
Ernesto del Barberá,"Vial Chelo Flor 50, Cantabria, 38035",chelopi@example.org,+34 821 067 585
Adrián Espada Parejo,"Plaza de Leonor Expósito 284, Huesca, 08614",salamancamatias@example.org,+34 878 278 662
Herberto Ariza Belmonte,"Calle de Juan Bautista Marin 81 Puerta 6 , Madrid, 04791",maximianoarranz@example.com,+34 978121697
Adelina Gálvez,"Glorieta de Santiago Rozas 48, Huelva, 03150",guzmanjose-angel@example.com,+34 977 72 18 82
Calixta del Trillo,"Camino Bernarda Teruel 416, Melilla, 40849",wcarpio@example.org,+34926206725
Domingo Sola Pomares,"Vial Nidia Acero 893, Lugo, 14285",evaristo72@example.org,+34942634645
Gertrudis Martín Cabañas,"Urbanización Susanita Barco 18 Piso 3 , Baleares, 45539",barcelofelix@example.net,+34987317806
Sosimo Bayo Alba,"Urbanización de Cristóbal Olivera 471 Apt. 02 , Murcia, 44467",zfajardo@example.net,+34876058951
Cristian Feijoo Tomé,"Acceso de Jennifer Ayala 793 Piso 0 , Cáceres, 05273",dariogracia@example.com,+34 927 37 85 47
Abraham Nieto Galan,"Callejón Jose Miguel Carrera 9 Piso 9 , Cádiz, 37013",modestocoello@example.net,+34 721954839
Julieta Corominas Ariza,"Glorieta de Ale Bas 804, Murcia, 38353",gmata@example.org,+34856 81 05 41
Alexandra Arribas Vazquez,"Camino de Marina Berrocal 45 Puerta 6 , Salamanca, 11971",omunoz@example.org,+34883014891
Remedios Gabaldón Carreño,"Rambla de Ema Cámara 70, Madrid, 44956",saralosada@example.org,+34 944 648 357
Alicia Balaguer Abella,"Vial de Vinicio Carlos 14 Apt. 56 , Navarra, 46890",epedrero@example.net,+34872 42 70 12
Sandra Cabanillas,"Urbanización Fidel Pujol 87, Pontevedra, 18063",vallesguiomar@example.com,+34 824718119
Joel Almansa-Rosselló,"Ronda de Nereida Calderón 80 Apt. 65 , Melilla, 39091",reina24@example.com,+34 947 17 95 55
Fidela Cobo Villegas,"Avenida de María Fernanda Jover 23 Apt. 67 , Albacete, 47897",mleon@example.com,+34 823853760
Rufina del Iñiguez,"Rambla Javier Torralba 86 Piso 8 , Córdoba, 28805",guitarthumberto@example.com,+34 973 766 524
Rosalina Galván Alfonso,"Callejón Teodora Montaña 45, Girona, 07009",porfiriosans@example.net,+34 975205192
Consuelo del Vergara,"Avenida de Ángeles Menéndez 45 Puerta 4 , Salamanca, 04846",leivasabina@example.org,+34876 465 287
Valentina Ricart Rosselló,"Cuesta Heriberto Novoa 78 Piso 6 , León, 48428",moreno66@example.org,+34 723 047 023
Néstor Naranjo,"Acceso Mariano Plaza 83, Asturias, 10890",florentino41@example.net,+34883 70 00 56
Catalina Medina-Coello,"Pasaje de Sarita Seguí 3 Apt. 72 , Cantabria, 35525",hferrer@example.com,+34978439333
